-- MySQL dump 10.13  Distrib 5.5.46, for debian-linux-gnu (x86_64)
--
-- Host: localhost    Database: oneman
-- ------------------------------------------------------
-- Server version	5.5.46-0ubuntu0.14.04.2

/*!40101 SET @OLD_CHARACTER_SET_CLIENT=@@CHARACTER_SET_CLIENT */;
/*!40101 SET @OLD_CHARACTER_SET_RESULTS=@@CHARACTER_SET_RESULTS */;
/*!40101 SET @OLD_COLLATION_CONNECTION=@@COLLATION_CONNECTION */;
/*!40101 SET NAMES utf8 */;
/*!40103 SET @OLD_TIME_ZONE=@@TIME_ZONE */;
/*!40103 SET TIME_ZONE='+00:00' */;
/*!40014 SET @OLD_UNIQUE_CHECKS=@@UNIQUE_CHECKS, UNIQUE_CHECKS=0 */;
/*!40014 SET @OLD_FOREIGN_KEY_CHECKS=@@FOREIGN_KEY_CHECKS, FOREIGN_KEY_CHECKS=0 */;
/*!40101 SET @OLD_SQL_MODE=@@SQL_MODE, SQL_MODE='NO_AUTO_VALUE_ON_ZERO' */;
/*!40111 SET @OLD_SQL_NOTES=@@SQL_NOTES, SQL_NOTES=0 */;

--
-- Table structure for table `attendance`
--

DROP TABLE IF EXISTS `attendance`;
/*!40101 SET @saved_cs_client     = @@character_set_client */;
/*!40101 SET character_set_client = utf8 */;
CREATE TABLE `attendance` (
  `course_id` int(11) NOT NULL,
  `student_id` int(11) NOT NULL,
  `date` date NOT NULL,
  PRIMARY KEY (`course_id`,`student_id`,`date`),
  KEY `idx_attendance_0` (`course_id`),
  KEY `idx_attendance_1` (`student_id`),
  CONSTRAINT `fk_attendance_0` FOREIGN KEY (`student_id`) REFERENCES `students` (`student_id`) ON DELETE NO ACTION ON UPDATE NO ACTION,
  CONSTRAINT `fk_attendance` FOREIGN KEY (`course_id`) REFERENCES `courses` (`course_id`) ON DELETE NO ACTION ON UPDATE NO ACTION
) ENGINE=InnoDB DEFAULT CHARSET=latin1;
/*!40101 SET character_set_client = @saved_cs_client */;

--
-- Dumping data for table `attendance`
--

LOCK TABLES `attendance` WRITE;
/*!40000 ALTER TABLE `attendance` DISABLE KEYS */;
INSERT INTO `attendance` VALUES (10986,102007,'2015-01-12'),(10986,102007,'2016-04-20'),(10986,125352,'2015-01-18'),(10986,125352,'2015-01-31'),(10986,127299,'2015-04-01'),(10986,127299,'2015-08-10'),(10986,127299,'2016-04-22'),(10986,139650,'2015-06-08'),(10986,139650,'2016-04-06'),(10986,146021,'2015-06-02'),(10986,146021,'2015-06-08'),(10986,146021,'2015-07-25'),(10986,146021,'2015-12-25'),(10986,146021,'2016-04-03'),(10986,151124,'2015-05-10'),(10986,151124,'2015-06-14'),(10986,151124,'2015-12-14'),(10986,151124,'2015-12-30'),(10986,157073,'2015-12-05'),(10986,196639,'2016-01-08'),(10986,196639,'2016-01-17'),(10986,201173,'2015-07-03'),(10986,201173,'2015-07-04'),(10986,201173,'2016-03-06'),(10986,201173,'2016-03-29'),(10986,201183,'2015-02-23'),(10986,201183,'2015-03-03'),(10986,201183,'2015-10-13'),(10986,203791,'2015-05-23'),(10986,217817,'2015-07-27'),(10986,217817,'2015-10-22'),(10986,217817,'2016-04-20'),(10986,217817,'2016-05-02'),(10986,227581,'2015-04-03'),(10986,227581,'2015-06-05'),(10986,227581,'2016-01-25'),(10986,227581,'2016-02-13'),(10986,227581,'2016-04-18'),(10986,251806,'2015-03-15'),(10986,251806,'2015-08-05'),(10986,251806,'2015-09-29'),(10986,251806,'2015-10-31'),(10986,254014,'2016-05-13'),(10986,259259,'2015-02-19'),(10986,259259,'2015-12-11'),(10986,259259,'2016-01-20'),(10986,259259,'2016-01-24'),(10986,259812,'2015-09-06'),(10986,259812,'2015-11-24'),(10986,259812,'2016-02-04'),(10986,266171,'2015-06-15'),(10986,266171,'2015-08-17'),(10986,269958,'2015-02-12'),(10986,269958,'2015-07-17'),(10986,269958,'2015-10-17'),(10986,272055,'2015-03-17'),(10986,272055,'2015-06-07'),(10986,272055,'2016-01-18'),(10986,272055,'2016-03-12'),(10986,273195,'2015-05-10'),(10986,273195,'2015-09-29'),(10986,273195,'2016-01-27'),(10986,273195,'2016-04-05'),(10986,282999,'2015-06-22'),(10986,282999,'2016-01-16'),(10986,282999,'2016-01-31'),(10986,282999,'2016-03-26'),(10986,302467,'2015-02-10'),(10986,302467,'2015-06-16'),(10986,302467,'2015-10-30'),(10986,302467,'2016-03-06'),(10986,320599,'2015-11-14'),(10986,320599,'2016-05-13'),(10986,327185,'2015-01-25'),(10986,327185,'2016-05-12'),(10986,339359,'2015-03-09'),(10986,339359,'2015-04-08'),(10986,339359,'2016-02-12'),(10986,360428,'2015-03-16'),(10986,360428,'2015-07-08'),(10986,360428,'2015-11-22'),(10986,376527,'2015-03-12'),(10986,376527,'2015-05-19'),(10986,376527,'2015-12-05'),(10986,376527,'2016-02-08'),(10986,376527,'2016-04-14'),(10986,391186,'2015-02-08'),(10986,391186,'2015-08-15'),(10986,397914,'2015-08-21'),(10986,397914,'2015-08-29'),(10986,397914,'2016-04-29'),(10986,400280,'2015-03-30'),(10986,400280,'2015-09-02'),(10986,400280,'2015-12-01'),(10986,431022,'2016-01-04'),(10986,431022,'2016-01-12'),(10986,431022,'2016-02-04'),(10986,443798,'2015-02-02'),(10986,443798,'2015-05-30'),(10986,443798,'2015-07-07'),(10986,443798,'2015-09-14'),(10986,443798,'2016-03-27'),(10986,447449,'2015-06-11'),(10986,447449,'2015-07-19'),(10986,447449,'2015-12-14'),(10986,447449,'2016-02-16'),(10986,452037,'2015-01-20'),(10986,452037,'2015-07-20'),(10986,458339,'2015-12-07'),(10986,458339,'2016-02-20'),(10986,492482,'2015-01-24'),(10986,492482,'2015-03-28'),(10986,492482,'2015-11-09'),(10986,492482,'2016-02-04'),(10986,492482,'2016-03-12'),(10986,492482,'2016-04-20'),(10986,502618,'2015-10-13'),(10986,502618,'2015-11-27'),(10986,503287,'2015-02-05'),(10986,503287,'2015-02-16'),(10986,503287,'2015-09-28'),(10986,503287,'2015-10-17'),(10986,503287,'2016-03-12'),(10986,512548,'2015-11-13'),(10986,512548,'2015-11-29'),(10986,512548,'2015-12-08'),(10986,512750,'2015-04-22'),(10986,512993,'2015-07-19'),(10986,512993,'2015-12-21'),(10986,512993,'2016-03-26'),(10986,515509,'2015-01-17'),(10986,520974,'2015-03-22'),(10986,520974,'2016-04-11'),(10986,536687,'2016-03-20'),(10986,562259,'2015-03-28'),(10986,562259,'2015-12-27'),(10986,562259,'2016-01-28'),(10986,574947,'2015-11-05'),(10986,574947,'2016-04-04'),(10986,575256,'2015-11-10'),(10986,575256,'2016-02-21'),(10986,575256,'2016-04-07'),(10986,577290,'2015-10-30'),(10986,577290,'2015-11-20'),(10986,582919,'2015-05-07'),(10986,582919,'2015-12-09'),(10986,582919,'2016-05-05'),(10986,582919,'2016-05-12'),(10986,584115,'2016-02-12'),(10986,584115,'2016-03-04'),(10986,586631,'2015-02-25'),(10986,586631,'2015-05-04'),(10986,586631,'2015-06-14'),(10986,586631,'2016-01-13'),(10986,586631,'2016-01-25'),(10986,595557,'2015-03-08'),(10986,595557,'2015-03-11'),(10986,595557,'2015-03-12'),(10986,595557,'2016-04-23'),(10986,603160,'2015-02-22'),(10986,603160,'2015-05-13'),(10986,605772,'2015-12-02'),(10986,605772,'2015-12-12'),(10986,605772,'2016-02-06'),(10986,607001,'2015-06-02'),(10986,607001,'2016-04-18'),(10986,607329,'2015-03-03'),(10986,607329,'2015-04-15'),(10986,607329,'2015-06-02'),(10986,607329,'2015-12-18'),(10986,618129,'2015-02-25'),(10986,618129,'2015-03-11'),(10986,618129,'2015-03-19'),(10986,618129,'2016-03-16'),(10986,624978,'2015-09-16'),(10986,624978,'2016-01-05'),(10986,624978,'2016-01-29'),(10986,627651,'2015-01-25'),(10986,627651,'2016-02-27'),(10986,628623,'2015-05-20'),(10986,649127,'2015-02-07'),(10986,663493,'2015-04-28'),(10986,663493,'2015-07-13'),(10986,663493,'2015-11-28'),(10986,663493,'2016-03-23'),(10986,665323,'2015-09-26'),(10986,668453,'2015-01-08'),(10986,668453,'2015-04-24'),(10986,668453,'2015-07-21'),(10986,671034,'2015-06-19'),(10986,671034,'2015-12-26'),(10986,671034,'2016-04-01'),(10986,679657,'2015-07-31'),(10986,679657,'2015-11-12'),(10986,679657,'2016-01-11'),(10986,682930,'2015-01-20'),(10986,682930,'2015-05-06'),(10986,682930,'2015-11-10'),(10986,682930,'2015-11-17'),(10986,682930,'2016-02-02'),(10986,682930,'2016-02-17'),(10986,695630,'2015-01-03'),(10986,695630,'2016-02-06'),(10986,695630,'2016-03-03'),(10986,695630,'2016-03-08'),(10986,708150,'2015-11-21'),(10986,712161,'2015-01-08'),(10986,712161,'2016-01-27'),(10986,712161,'2016-04-26'),(10986,712161,'2016-05-13'),(10986,712653,'2015-01-13'),(10986,712653,'2015-04-22'),(10986,712653,'2015-05-31'),(10986,712653,'2015-10-03'),(10986,712653,'2016-01-18'),(10986,712653,'2016-03-10'),(10986,712653,'2016-04-18'),(10986,712978,'2015-03-13'),(10986,712978,'2015-09-09'),(10986,712978,'2015-09-27'),(10986,712978,'2016-04-09'),(10986,715753,'2015-07-07'),(10986,715753,'2015-10-24'),(10986,718457,'2015-03-21'),(10986,718457,'2016-01-22'),(10986,718457,'2016-03-06'),(10986,722152,'2015-03-17'),(10986,722152,'2015-06-14'),(10986,722152,'2015-07-30'),(10986,736290,'2015-11-10'),(10986,736290,'2016-04-11'),(10986,758944,'2015-06-16'),(10986,758944,'2015-09-11'),(10986,758944,'2015-10-27'),(10986,758944,'2015-11-09'),(10986,793498,'2015-11-02'),(10986,812022,'2015-02-19'),(10986,812022,'2015-07-13'),(10986,812022,'2015-09-02'),(10986,820876,'2015-01-09'),(10986,820876,'2015-05-14'),(10986,854794,'2015-03-02'),(10986,854794,'2015-07-08'),(10986,854794,'2015-12-03'),(10986,860914,'2015-01-16'),(10986,860914,'2015-08-02'),(10986,860914,'2015-08-31'),(10986,867888,'2015-02-01'),(10986,867888,'2015-04-20'),(10986,867888,'2015-05-10'),(10986,867888,'2015-06-13'),(10986,867888,'2016-03-12'),(10986,875102,'2016-02-18'),(10986,875102,'2016-04-15'),(10986,875102,'2016-05-14'),(10986,875846,'2015-01-25'),(10986,875846,'2015-03-21'),(10986,880813,'2015-07-25'),(10986,880813,'2015-12-20'),(10986,880813,'2015-12-24'),(10986,880813,'2016-04-08'),(10986,880813,'2016-05-12'),(10986,891194,'2015-05-23'),(10986,904133,'2015-04-25'),(10986,904133,'2015-04-27'),(10986,904133,'2015-05-16'),(10986,904133,'2015-09-11'),(10986,904133,'2015-11-17'),(10986,904133,'2015-12-03'),(10986,909237,'2015-05-03'),(10986,909237,'2015-11-04'),(10986,909237,'2015-11-22'),(10986,909237,'2015-12-05'),(10986,915533,'2015-04-18'),(10986,915533,'2016-02-16'),(10986,915533,'2016-03-08'),(10986,922633,'2015-03-19'),(10986,922633,'2015-12-30'),(10986,930227,'2015-03-30'),(10986,930227,'2015-04-23'),(10986,930227,'2015-10-08'),(10986,930227,'2016-01-31'),(10986,930227,'2016-02-04'),(10986,948670,'2015-08-15'),(10986,948758,'2015-01-29'),(10986,948758,'2015-07-08'),(10986,948758,'2015-09-21'),(10986,957572,'2015-04-05'),(10986,957572,'2016-04-02'),(10986,957572,'2016-05-03'),(10986,960873,'2015-04-22'),(10986,960873,'2015-04-24'),(10986,960873,'2015-11-22'),(10986,961806,'2015-01-16'),(10986,961806,'2015-03-02'),(10986,961806,'2015-10-28'),(10986,961806,'2016-02-25'),(10986,984020,'2015-06-10'),(10986,984020,'2016-04-07'),(10986,991891,'2015-02-12'),(10986,991891,'2015-08-01'),(10986,991891,'2016-04-12'),(14369,102007,'2015-05-03'),(14369,125352,'2015-01-06'),(14369,125352,'2016-02-06'),(14369,127299,'2015-03-18'),(14369,139650,'2015-02-23'),(14369,139650,'2015-04-12'),(14369,139650,'2015-05-15'),(14369,139650,'2015-05-22'),(14369,139650,'2015-09-07'),(14369,139650,'2015-12-28'),(14369,139650,'2016-01-15'),(14369,139650,'2016-02-18'),(14369,139650,'2016-02-27'),(14369,146021,'2016-03-04'),(14369,146021,'2016-04-10'),(14369,151124,'2015-03-27'),(14369,151124,'2015-03-30'),(14369,151124,'2015-06-26'),(14369,151124,'2015-11-24'),(14369,157073,'2015-11-04'),(14369,157073,'2015-12-15'),(14369,196639,'2015-06-28'),(14369,196639,'2015-12-22'),(14369,196639,'2016-01-23'),(14369,201173,'2015-04-15'),(14369,201173,'2015-12-10'),(14369,201173,'2016-03-01'),(14369,201173,'2016-03-13'),(14369,201183,'2015-05-28'),(14369,201183,'2015-11-08'),(14369,201183,'2015-12-28'),(14369,203791,'2015-04-07'),(14369,203791,'2015-06-03'),(14369,203791,'2015-10-29'),(14369,217817,'2015-05-19'),(14369,227581,'2015-02-28'),(14369,251806,'2015-03-02'),(14369,251806,'2015-03-17'),(14369,251806,'2016-04-21'),(14369,254014,'2015-04-29'),(14369,254014,'2016-02-09'),(14369,259259,'2016-03-23'),(14369,259812,'2015-05-24'),(14369,259812,'2015-10-08'),(14369,259812,'2016-02-27'),(14369,259812,'2016-04-12'),(14369,266171,'2015-02-14'),(14369,266171,'2015-04-30'),(14369,266171,'2015-05-04'),(14369,266171,'2016-02-16'),(14369,269958,'2015-06-20'),(14369,269958,'2015-11-11'),(14369,272055,'2015-06-06'),(14369,272055,'2015-07-06'),(14369,272055,'2016-01-09'),(14369,272055,'2016-02-26'),(14369,273195,'2015-01-29'),(14369,273195,'2015-04-25'),(14369,273195,'2015-09-17'),(14369,273195,'2015-12-21'),(14369,282999,'2015-02-22'),(14369,282999,'2015-09-17'),(14369,282999,'2016-01-11'),(14369,302467,'2015-03-20'),(14369,302467,'2016-04-06'),(14369,320599,'2015-03-19'),(14369,320599,'2015-07-12'),(14369,320599,'2015-11-08'),(14369,320599,'2016-02-12'),(14369,327185,'2015-04-26'),(14369,327185,'2015-05-13'),(14369,327185,'2015-11-29'),(14369,327185,'2016-01-18'),(14369,339359,'2015-01-20'),(14369,339359,'2015-02-15'),(14369,360428,'2015-05-30'),(14369,360428,'2015-08-17'),(14369,360428,'2015-11-20'),(14369,360428,'2015-12-13'),(14369,360428,'2016-03-21'),(14369,376527,'2015-10-21'),(14369,376527,'2016-04-25'),(14369,391186,'2015-03-17'),(14369,391186,'2015-07-25'),(14369,391186,'2015-08-28'),(14369,397914,'2016-02-06'),(14369,400280,'2015-01-06'),(14369,400280,'2015-03-26'),(14369,400280,'2015-07-25'),(14369,400280,'2016-04-13'),(14369,400280,'2016-04-19'),(14369,431022,'2015-04-28'),(14369,431022,'2015-07-14'),(14369,431022,'2016-03-08'),(14369,431022,'2016-04-16'),(14369,443798,'2015-07-27'),(14369,443798,'2015-12-15'),(14369,443798,'2016-01-02'),(14369,447449,'2015-07-30'),(14369,447449,'2015-08-15'),(14369,447449,'2016-01-02'),(14369,447449,'2016-01-11'),(14369,447449,'2016-02-08'),(14369,452037,'2015-04-11'),(14369,452037,'2015-04-21'),(14369,452037,'2015-09-29'),(14369,452037,'2016-02-25'),(14369,452037,'2016-04-06'),(14369,458339,'2016-01-22'),(14369,458339,'2016-01-28'),(14369,492482,'2015-03-18'),(14369,492482,'2015-08-01'),(14369,492482,'2015-10-24'),(14369,492482,'2016-01-22'),(14369,502618,'2015-06-01'),(14369,502618,'2015-12-23'),(14369,502618,'2016-03-07'),(14369,503287,'2015-05-24'),(14369,503287,'2015-08-11'),(14369,512548,'2015-07-18'),(14369,512548,'2016-03-02'),(14369,512548,'2016-03-08'),(14369,512750,'2015-11-13'),(14369,512750,'2016-05-12'),(14369,512993,'2015-06-10'),(14369,512993,'2015-11-03'),(14369,512993,'2015-12-12'),(14369,515509,'2015-10-11'),(14369,520974,'2015-06-09'),(14369,520974,'2015-07-25'),(14369,520974,'2016-04-11'),(14369,536687,'2015-08-21'),(14369,536687,'2015-08-31'),(14369,536687,'2015-10-10'),(14369,536687,'2016-03-16'),(14369,562259,'2015-01-17'),(14369,562259,'2015-02-10'),(14369,562259,'2015-06-04'),(14369,562259,'2016-01-02'),(14369,562259,'2016-02-08'),(14369,574947,'2015-01-11'),(14369,574947,'2015-02-25'),(14369,574947,'2015-05-06'),(14369,574947,'2015-09-27'),(14369,575256,'2015-09-20'),(14369,575256,'2015-12-29'),(14369,575256,'2016-02-19'),(14369,577290,'2015-03-28'),(14369,577290,'2015-11-19'),(14369,582919,'2015-04-18'),(14369,582919,'2015-06-29'),(14369,582919,'2016-01-14'),(14369,584115,'2015-01-25'),(14369,584115,'2016-01-08'),(14369,584115,'2016-02-06'),(14369,584115,'2016-03-11'),(14369,586631,'2015-08-06'),(14369,586631,'2015-11-20'),(14369,586631,'2015-12-12'),(14369,595557,'2015-03-25'),(14369,595557,'2015-06-19'),(14369,595557,'2016-02-27'),(14369,603160,'2015-01-08'),(14369,603160,'2015-07-14'),(14369,605772,'2016-01-09'),(14369,605772,'2016-02-24'),(14369,605772,'2016-05-08'),(14369,607001,'2015-06-02'),(14369,607001,'2015-12-14'),(14369,607001,'2016-02-23'),(14369,607329,'2015-03-13'),(14369,607329,'2016-02-23'),(14369,618129,'2015-09-22'),(14369,618129,'2015-11-06'),(14369,618129,'2015-12-01'),(14369,618129,'2016-01-25'),(14369,618129,'2016-03-04'),(14369,624978,'2015-07-23'),(14369,624978,'2015-09-15'),(14369,627651,'2015-10-10'),(14369,627651,'2016-05-14'),(14369,628623,'2015-06-10'),(14369,649127,'2015-01-02'),(14369,649127,'2015-01-06'),(14369,649127,'2015-06-09'),(14369,649127,'2015-08-06'),(14369,649127,'2016-03-08'),(14369,663493,'2016-01-31'),(14369,665323,'2015-04-18'),(14369,665323,'2015-04-20'),(14369,665323,'2015-04-29'),(14369,665323,'2015-12-06'),(14369,665323,'2015-12-22'),(14369,668453,'2015-01-31'),(14369,671034,'2015-05-25'),(14369,671034,'2015-09-12'),(14369,679657,'2015-03-31'),(14369,679657,'2015-04-03'),(14369,679657,'2015-10-31'),(14369,679657,'2016-02-08'),(14369,682930,'2015-08-29'),(14369,682930,'2016-01-19'),(14369,682930,'2016-05-10'),(14369,695630,'2015-02-05'),(14369,695630,'2015-02-13'),(14369,695630,'2015-06-04'),(14369,695630,'2016-05-01'),(14369,708150,'2015-06-12'),(14369,708150,'2015-07-07'),(14369,708150,'2015-11-04'),(14369,712161,'2015-08-08'),(14369,712161,'2015-10-12'),(14369,712161,'2016-02-19'),(14369,712653,'2015-01-29'),(14369,712653,'2016-03-03'),(14369,712978,'2016-03-09'),(14369,715753,'2016-04-10'),(14369,718457,'2015-07-22'),(14369,718457,'2015-08-05'),(14369,718457,'2016-02-11'),(14369,718457,'2016-04-11'),(14369,722152,'2015-09-03'),(14369,722152,'2015-12-30'),(14369,722152,'2016-01-17'),(14369,722152,'2016-02-07'),(14369,736290,'2015-03-25'),(14369,736290,'2016-02-15'),(14369,736290,'2016-04-28'),(14369,758944,'2016-01-25'),(14369,793498,'2015-10-14'),(14369,793498,'2015-10-18'),(14369,812022,'2015-01-27'),(14369,812022,'2015-04-02'),(14369,812022,'2015-07-02'),(14369,812022,'2015-07-08'),(14369,820876,'2015-02-14'),(14369,820876,'2015-06-26'),(14369,820876,'2015-11-15'),(14369,854794,'2016-02-06'),(14369,860914,'2015-03-04'),(14369,860914,'2015-05-07'),(14369,860914,'2015-11-21'),(14369,860914,'2016-03-02'),(14369,860914,'2016-04-09'),(14369,867888,'2015-01-04'),(14369,875102,'2015-03-17'),(14369,875102,'2015-08-11'),(14369,875102,'2015-10-28'),(14369,875102,'2016-01-23'),(14369,875102,'2016-03-31'),(14369,875846,'2015-03-16'),(14369,875846,'2015-04-14'),(14369,875846,'2015-09-16'),(14369,875846,'2015-10-23'),(14369,880813,'2015-08-08'),(14369,880813,'2015-11-29'),(14369,880813,'2016-03-23'),(14369,891194,'2015-08-05'),(14369,891194,'2015-09-28'),(14369,904133,'2015-10-31'),(14369,904133,'2016-03-20'),(14369,909237,'2015-03-22'),(14369,909237,'2015-10-15'),(14369,909237,'2015-12-30'),(14369,909237,'2016-02-27'),(14369,909237,'2016-05-02'),(14369,915533,'2015-04-06'),(14369,915533,'2015-08-25'),(14369,915533,'2016-04-10'),(14369,922633,'2015-04-25'),(14369,922633,'2015-10-13'),(14369,922633,'2015-11-20'),(14369,930227,'2015-04-02'),(14369,930227,'2015-04-09'),(14369,930227,'2015-12-14'),(14369,930227,'2016-03-19'),(14369,930227,'2016-05-14'),(14369,948670,'2015-03-29'),(14369,948670,'2015-05-06'),(14369,948670,'2015-07-27'),(14369,948670,'2015-12-25'),(14369,948758,'2015-12-16'),(14369,948758,'2016-05-09'),(14369,957572,'2015-02-12'),(14369,957572,'2015-02-18'),(14369,957572,'2015-12-21'),(14369,960873,'2015-04-02'),(14369,960873,'2015-04-23'),(14369,960873,'2015-06-21'),(14369,960873,'2015-08-24'),(14369,960873,'2015-10-13'),(14369,960873,'2016-01-31'),(14369,960873,'2016-02-03'),(14369,961806,'2015-11-23'),(14369,961806,'2016-01-28'),(14369,961806,'2016-03-29'),(14369,984020,'2015-01-28'),(14369,984020,'2015-08-02'),(14369,984020,'2016-01-30'),(14369,991891,'2015-04-23'),(14369,991891,'2015-06-12'),(14369,991891,'2015-07-06'),(14369,991891,'2015-08-13'),(14369,991891,'2015-09-26'),(14369,991891,'2015-12-10'),(14369,991891,'2016-01-17'),(14635,102007,'2015-06-11'),(14635,102007,'2015-06-22'),(14635,102007,'2016-02-02'),(14635,125352,'2015-11-20'),(14635,125352,'2016-03-07'),(14635,127299,'2015-01-01'),(14635,127299,'2015-11-03'),(14635,127299,'2016-01-11'),(14635,127299,'2016-02-15'),(14635,139650,'2015-08-12'),(14635,139650,'2016-03-04'),(14635,139650,'2016-04-27'),(14635,146021,'2015-05-03'),(14635,146021,'2015-07-17'),(14635,146021,'2015-07-24'),(14635,146021,'2016-01-28'),(14635,151124,'2015-11-01'),(14635,151124,'2016-04-02'),(14635,157073,'2015-01-09'),(14635,157073,'2015-02-09'),(14635,157073,'2016-03-20'),(14635,157073,'2016-04-01'),(14635,196639,'2015-03-27'),(14635,196639,'2015-06-06'),(14635,196639,'2015-08-12'),(14635,196639,'2015-11-21'),(14635,196639,'2015-12-18'),(14635,201173,'2015-02-06'),(14635,201173,'2015-07-25'),(14635,201173,'2015-12-27'),(14635,201183,'2015-03-03'),(14635,201183,'2016-01-26'),(14635,201183,'2016-04-11'),(14635,203791,'2015-01-16'),(14635,203791,'2015-02-25'),(14635,203791,'2015-04-17'),(14635,203791,'2016-05-12'),(14635,217817,'2015-05-08'),(14635,217817,'2015-05-26'),(14635,217817,'2016-02-28'),(14635,227581,'2015-02-13'),(14635,227581,'2015-02-14'),(14635,227581,'2015-05-19'),(14635,227581,'2015-12-29'),(14635,227581,'2016-01-07'),(14635,227581,'2016-03-19'),(14635,251806,'2015-03-27'),(14635,251806,'2015-06-09'),(14635,254014,'2015-02-01'),(14635,254014,'2016-04-15'),(14635,254014,'2016-05-04'),(14635,254014,'2016-05-07'),(14635,254014,'2016-05-08'),(14635,259259,'2015-12-12'),(14635,259812,'2015-05-14'),(14635,266171,'2015-11-01'),(14635,266171,'2016-01-01'),(14635,269958,'2015-09-02'),(14635,269958,'2015-09-08'),(14635,269958,'2016-02-12'),(14635,272055,'2015-03-04'),(14635,272055,'2015-05-13'),(14635,272055,'2015-07-12'),(14635,272055,'2016-02-13'),(14635,273195,'2015-03-15'),(14635,273195,'2015-09-26'),(14635,273195,'2016-02-14'),(14635,273195,'2016-05-08'),(14635,273195,'2016-05-10'),(14635,282999,'2015-07-08'),(14635,282999,'2016-01-22'),(14635,282999,'2016-04-01'),(14635,282999,'2016-04-18'),(14635,302467,'2015-12-12'),(14635,302467,'2016-01-01'),(14635,302467,'2016-02-21'),(14635,320599,'2015-05-03'),(14635,320599,'2015-05-06'),(14635,320599,'2015-08-30'),(14635,320599,'2015-10-16'),(14635,320599,'2015-10-19'),(14635,320599,'2016-01-21'),(14635,327185,'2015-07-11'),(14635,327185,'2015-09-26'),(14635,327185,'2015-11-02'),(14635,327185,'2016-02-28'),(14635,339359,'2015-06-18'),(14635,339359,'2015-10-24'),(14635,339359,'2016-01-08'),(14635,339359,'2016-02-26'),(14635,360428,'2015-01-12'),(14635,360428,'2015-07-05'),(14635,376527,'2015-12-30'),(14635,391186,'2015-04-26'),(14635,391186,'2016-01-28'),(14635,397914,'2015-06-23'),(14635,397914,'2015-12-25'),(14635,397914,'2016-02-10'),(14635,397914,'2016-04-25'),(14635,400280,'2015-11-01'),(14635,400280,'2016-01-18'),(14635,400280,'2016-05-13'),(14635,431022,'2015-08-07'),(14635,443798,'2015-02-20'),(14635,443798,'2015-09-22'),(14635,443798,'2015-10-31'),(14635,447449,'2015-07-10'),(14635,447449,'2015-10-12'),(14635,447449,'2016-02-12'),(14635,447449,'2016-03-04'),(14635,447449,'2016-03-08'),(14635,452037,'2015-01-12'),(14635,452037,'2015-11-05'),(14635,452037,'2015-11-22'),(14635,458339,'2015-11-08'),(14635,458339,'2015-12-16'),(14635,458339,'2016-03-17'),(14635,492482,'2015-03-25'),(14635,492482,'2016-03-02'),(14635,502618,'2015-01-14'),(14635,502618,'2015-02-11'),(14635,502618,'2016-01-21'),(14635,503287,'2015-01-19'),(14635,503287,'2015-04-12'),(14635,503287,'2015-05-30'),(14635,503287,'2015-08-13'),(14635,512548,'2015-05-10'),(14635,512548,'2015-05-18'),(14635,512548,'2016-03-24'),(14635,512750,'2015-01-16'),(14635,512750,'2016-02-18'),(14635,512750,'2016-04-13'),(14635,512750,'2016-04-17'),(14635,512993,'2015-05-09'),(14635,512993,'2015-06-27'),(14635,515509,'2015-02-05'),(14635,515509,'2015-02-14'),(14635,515509,'2015-03-11'),(14635,515509,'2015-08-16'),(14635,520974,'2015-01-12'),(14635,520974,'2015-02-02'),(14635,520974,'2015-08-28'),(14635,520974,'2015-10-19'),(14635,520974,'2015-11-15'),(14635,520974,'2016-03-20'),(14635,536687,'2015-07-11'),(14635,562259,'2015-02-21'),(14635,562259,'2015-10-14'),(14635,562259,'2016-03-17'),(14635,562259,'2016-04-23'),(14635,562259,'2016-05-06'),(14635,574947,'2015-08-01'),(14635,574947,'2015-12-12'),(14635,574947,'2016-02-16'),(14635,575256,'2015-05-10'),(14635,575256,'2015-12-15'),(14635,575256,'2016-03-23'),(14635,575256,'2016-04-17'),(14635,577290,'2015-01-09'),(14635,577290,'2015-06-13'),(14635,577290,'2015-08-12'),(14635,582919,'2015-03-28'),(14635,582919,'2015-08-24'),(14635,584115,'2015-10-04'),(14635,586631,'2015-01-10'),(14635,586631,'2015-08-14'),(14635,586631,'2016-02-13'),(14635,586631,'2016-02-27'),(14635,595557,'2015-05-29'),(14635,595557,'2015-10-13'),(14635,595557,'2015-11-03'),(14635,595557,'2016-01-31'),(14635,603160,'2015-01-12'),(14635,603160,'2015-09-23'),(14635,605772,'2015-06-20'),(14635,605772,'2016-01-01'),(14635,605772,'2016-03-10'),(14635,605772,'2016-03-28'),(14635,607001,'2015-05-10'),(14635,607001,'2015-06-03'),(14635,607329,'2015-02-13'),(14635,607329,'2015-07-03'),(14635,607329,'2015-07-24'),(14635,607329,'2015-09-08'),(14635,607329,'2016-04-14'),(14635,618129,'2015-01-26'),(14635,618129,'2015-05-29'),(14635,624978,'2015-01-13'),(14635,624978,'2015-05-10'),(14635,624978,'2015-10-15'),(14635,627651,'2015-12-10'),(14635,628623,'2015-02-12'),(14635,628623,'2015-06-13'),(14635,628623,'2015-06-22'),(14635,628623,'2016-04-09'),(14635,628623,'2016-04-12'),(14635,649127,'2015-03-03'),(14635,649127,'2015-03-09'),(14635,649127,'2016-02-19'),(14635,649127,'2016-04-08'),(14635,663493,'2015-03-12'),(14635,663493,'2015-06-14'),(14635,665323,'2015-05-08'),(14635,665323,'2015-12-12'),(14635,668453,'2016-03-12'),(14635,671034,'2015-04-17'),(14635,671034,'2015-09-19'),(14635,671034,'2015-09-30'),(14635,671034,'2015-11-10'),(14635,679657,'2015-06-18'),(14635,682930,'2015-02-07'),(14635,682930,'2015-12-08'),(14635,682930,'2015-12-24'),(14635,695630,'2015-01-06'),(14635,695630,'2015-11-02'),(14635,708150,'2015-04-11'),(14635,708150,'2015-06-01'),(14635,708150,'2015-12-11'),(14635,708150,'2015-12-14'),(14635,712161,'2015-01-05'),(14635,712161,'2015-05-04'),(14635,712161,'2015-07-06'),(14635,712161,'2015-12-30'),(14635,712653,'2016-02-15'),(14635,712653,'2016-02-28'),(14635,712653,'2016-04-29'),(14635,712978,'2015-03-28'),(14635,712978,'2015-06-21'),(14635,715753,'2015-01-09'),(14635,715753,'2015-02-22'),(14635,715753,'2015-11-09'),(14635,715753,'2016-03-19'),(14635,718457,'2015-03-10'),(14635,718457,'2015-11-05'),(14635,718457,'2015-12-24'),(14635,722152,'2015-05-19'),(14635,722152,'2016-04-12'),(14635,736290,'2015-05-12'),(14635,736290,'2015-09-14'),(14635,758944,'2015-07-04'),(14635,758944,'2015-07-20'),(14635,793498,'2015-03-02'),(14635,793498,'2015-04-04'),(14635,793498,'2015-07-16'),(14635,812022,'2015-02-25'),(14635,812022,'2015-03-19'),(14635,812022,'2015-09-30'),(14635,820876,'2015-02-11'),(14635,820876,'2015-10-17'),(14635,820876,'2016-01-20'),(14635,820876,'2016-04-13'),(14635,854794,'2015-05-12'),(14635,854794,'2015-09-01'),(14635,854794,'2016-01-30'),(14635,860914,'2015-01-10'),(14635,860914,'2015-07-21'),(14635,860914,'2015-07-26'),(14635,860914,'2015-09-05'),(14635,867888,'2015-02-10'),(14635,867888,'2015-02-15'),(14635,867888,'2015-03-20'),(14635,867888,'2015-05-04'),(14635,867888,'2015-05-18'),(14635,867888,'2015-09-25'),(14635,875102,'2015-03-25'),(14635,875102,'2015-05-30'),(14635,875102,'2015-07-28'),(14635,875102,'2015-12-17'),(14635,875846,'2015-04-10'),(14635,875846,'2015-07-24'),(14635,875846,'2016-04-03'),(14635,880813,'2015-02-02'),(14635,880813,'2015-06-19'),(14635,891194,'2015-01-18'),(14635,891194,'2015-03-12'),(14635,891194,'2015-03-27'),(14635,891194,'2015-06-28'),(14635,891194,'2016-02-22'),(14635,891194,'2016-05-14'),(14635,904133,'2015-11-25'),(14635,904133,'2015-12-01'),(14635,909237,'2015-02-13'),(14635,909237,'2015-02-15'),(14635,909237,'2015-08-07'),(14635,915533,'2015-12-12'),(14635,922633,'2015-01-25'),(14635,922633,'2015-03-27'),(14635,922633,'2015-05-26'),(14635,922633,'2015-07-19'),(14635,922633,'2015-12-05'),(14635,930227,'2015-01-22'),(14635,930227,'2015-02-20'),(14635,930227,'2015-08-07'),(14635,930227,'2015-11-02'),(14635,930227,'2016-02-03'),(14635,948670,'2015-02-24'),(14635,948670,'2015-05-05'),(14635,948670,'2016-03-30'),(14635,948758,'2015-01-25'),(14635,948758,'2015-07-07'),(14635,948758,'2015-08-21'),(14635,948758,'2016-02-02'),(14635,957572,'2015-03-04'),(14635,957572,'2015-05-21'),(14635,957572,'2015-06-09'),(14635,957572,'2015-06-16'),(14635,957572,'2015-09-10'),(14635,960873,'2015-03-05'),(14635,961806,'2016-03-18'),(14635,984020,'2015-01-03'),(14635,984020,'2015-07-24'),(14635,984020,'2015-11-12'),(14635,984020,'2016-02-28'),(14635,991891,'2016-03-28'),(20396,102007,'2015-05-09'),(20396,102007,'2015-06-07'),(20396,102007,'2015-06-23'),(20396,102007,'2015-07-29'),(20396,102007,'2015-08-11'),(20396,102007,'2016-02-02'),(20396,102007,'2016-02-10'),(20396,125352,'2015-04-08'),(20396,125352,'2015-10-20'),(20396,127299,'2015-04-28'),(20396,127299,'2015-04-30'),(20396,127299,'2015-12-14'),(20396,139650,'2015-03-21'),(20396,139650,'2015-09-19'),(20396,139650,'2015-09-28'),(20396,139650,'2015-12-14'),(20396,139650,'2016-01-22'),(20396,139650,'2016-02-02'),(20396,139650,'2016-02-07'),(20396,146021,'2015-04-09'),(20396,146021,'2015-04-25'),(20396,151124,'2015-07-16'),(20396,151124,'2015-12-03'),(20396,157073,'2015-12-10'),(20396,157073,'2016-01-16'),(20396,196639,'2015-03-04'),(20396,196639,'2015-03-28'),(20396,196639,'2016-01-31'),(20396,201173,'2015-10-30'),(20396,201183,'2015-06-07'),(20396,203791,'2016-02-29'),(20396,203791,'2016-05-01'),(20396,217817,'2015-10-31'),(20396,217817,'2015-12-11'),(20396,227581,'2015-02-22'),(20396,227581,'2015-03-03'),(20396,227581,'2015-08-22'),(20396,251806,'2015-02-06'),(20396,251806,'2015-12-01'),(20396,254014,'2015-08-18'),(20396,254014,'2015-12-28'),(20396,254014,'2016-01-23'),(20396,254014,'2016-04-29'),(20396,259259,'2015-10-08'),(20396,259259,'2015-10-13'),(20396,259259,'2015-10-19'),(20396,259259,'2016-03-06'),(20396,259812,'2015-07-27'),(20396,259812,'2015-08-13'),(20396,259812,'2016-01-03'),(20396,266171,'2015-05-09'),(20396,266171,'2015-05-10'),(20396,266171,'2015-09-27'),(20396,266171,'2015-10-22'),(20396,269958,'2015-04-17'),(20396,269958,'2015-11-29'),(20396,269958,'2016-01-02'),(20396,269958,'2016-03-19'),(20396,269958,'2016-04-02'),(20396,272055,'2015-01-16'),(20396,272055,'2015-04-21'),(20396,272055,'2015-06-02'),(20396,273195,'2016-03-17'),(20396,282999,'2015-04-06'),(20396,282999,'2015-12-26'),(20396,302467,'2015-01-05'),(20396,302467,'2015-01-29'),(20396,302467,'2016-02-06'),(20396,320599,'2015-02-18'),(20396,320599,'2015-04-01'),(20396,320599,'2015-05-28'),(20396,327185,'2015-07-23'),(20396,327185,'2015-12-05'),(20396,339359,'2015-10-19'),(20396,339359,'2015-12-01'),(20396,339359,'2015-12-08'),(20396,360428,'2015-10-29'),(20396,376527,'2015-03-26'),(20396,376527,'2015-07-05'),(20396,391186,'2016-04-03'),(20396,397914,'2015-05-31'),(20396,397914,'2015-12-28'),(20396,397914,'2016-03-17'),(20396,400280,'2015-03-15'),(20396,400280,'2015-03-19'),(20396,400280,'2015-07-08'),(20396,400280,'2016-04-06'),(20396,431022,'2015-04-20'),(20396,431022,'2015-07-10'),(20396,431022,'2016-05-14'),(20396,443798,'2015-02-02'),(20396,443798,'2015-03-25'),(20396,443798,'2015-06-16'),(20396,447449,'2015-12-07'),(20396,447449,'2016-03-27'),(20396,452037,'2015-01-28'),(20396,458339,'2015-03-17'),(20396,458339,'2015-05-27'),(20396,458339,'2015-10-08'),(20396,458339,'2015-12-23'),(20396,458339,'2016-01-16'),(20396,458339,'2016-02-03'),(20396,458339,'2016-02-16'),(20396,492482,'2015-10-11'),(20396,492482,'2016-01-06'),(20396,492482,'2016-01-27'),(20396,502618,'2015-01-28'),(20396,502618,'2015-06-21'),(20396,502618,'2015-09-30'),(20396,503287,'2015-09-02'),(20396,512548,'2015-01-16'),(20396,512548,'2015-03-25'),(20396,512750,'2015-07-04'),(20396,512750,'2016-04-19'),(20396,512993,'2015-02-20'),(20396,512993,'2015-05-16'),(20396,512993,'2015-06-07'),(20396,512993,'2015-09-25'),(20396,512993,'2015-10-09'),(20396,515509,'2015-05-25'),(20396,515509,'2015-07-29'),(20396,515509,'2016-03-07'),(20396,520974,'2015-04-02'),(20396,536687,'2015-07-06'),(20396,562259,'2015-07-16'),(20396,562259,'2015-10-25'),(20396,562259,'2015-12-01'),(20396,562259,'2015-12-09'),(20396,562259,'2016-03-19'),(20396,562259,'2016-05-06'),(20396,574947,'2015-02-04'),(20396,574947,'2015-08-17'),(20396,575256,'2015-06-24'),(20396,575256,'2015-09-08'),(20396,575256,'2015-11-12'),(20396,575256,'2016-03-08'),(20396,577290,'2015-06-06'),(20396,577290,'2015-06-07'),(20396,582919,'2015-02-08'),(20396,582919,'2015-07-07'),(20396,582919,'2015-09-25'),(20396,584115,'2015-11-28'),(20396,584115,'2015-12-21'),(20396,584115,'2016-04-09'),(20396,586631,'2015-01-16'),(20396,586631,'2015-12-15'),(20396,586631,'2016-01-15'),(20396,595557,'2015-01-17'),(20396,595557,'2015-05-22'),(20396,603160,'2015-02-01'),(20396,603160,'2015-05-23'),(20396,603160,'2015-11-02'),(20396,603160,'2016-01-30'),(20396,605772,'2015-03-16'),(20396,605772,'2015-05-12'),(20396,605772,'2015-07-08'),(20396,605772,'2015-09-10'),(20396,605772,'2016-03-24'),(20396,607001,'2015-04-19'),(20396,607001,'2015-07-24'),(20396,607001,'2015-08-19'),(20396,607329,'2015-03-05'),(20396,607329,'2015-11-20'),(20396,607329,'2016-01-07'),(20396,618129,'2015-07-20'),(20396,618129,'2015-11-01'),(20396,618129,'2016-02-15'),(20396,618129,'2016-03-12'),(20396,618129,'2016-03-20'),(20396,624978,'2015-04-14'),(20396,624978,'2015-05-03'),(20396,624978,'2015-07-26'),(20396,624978,'2015-08-26'),(20396,624978,'2015-09-23'),(20396,627651,'2015-04-02'),(20396,627651,'2015-06-01'),(20396,627651,'2016-03-24'),(20396,628623,'2015-03-24'),(20396,628623,'2015-12-08'),(20396,649127,'2015-04-01'),(20396,649127,'2015-04-07'),(20396,649127,'2015-05-03'),(20396,649127,'2015-12-26'),(20396,649127,'2016-01-14'),(20396,649127,'2016-01-19'),(20396,649127,'2016-04-14'),(20396,663493,'2015-03-30'),(20396,663493,'2015-10-23'),(20396,663493,'2016-04-06'),(20396,665323,'2015-01-30'),(20396,665323,'2015-12-08'),(20396,668453,'2015-11-10'),(20396,668453,'2016-01-09'),(20396,668453,'2016-04-29'),(20396,671034,'2015-01-11'),(20396,671034,'2015-02-19'),(20396,671034,'2015-04-04'),(20396,671034,'2016-02-02'),(20396,671034,'2016-05-07'),(20396,679657,'2015-10-27'),(20396,679657,'2016-03-22'),(20396,682930,'2015-08-10'),(20396,682930,'2015-10-08'),(20396,682930,'2015-10-27'),(20396,682930,'2015-11-04'),(20396,682930,'2015-11-11'),(20396,682930,'2015-11-28'),(20396,695630,'2015-05-06'),(20396,695630,'2015-09-10'),(20396,708150,'2015-04-24'),(20396,708150,'2015-06-16'),(20396,708150,'2015-06-25'),(20396,708150,'2015-07-24'),(20396,708150,'2015-08-31'),(20396,708150,'2016-03-14'),(20396,712161,'2016-01-24'),(20396,712161,'2016-04-18'),(20396,712653,'2015-05-27'),(20396,712653,'2016-02-16'),(20396,712978,'2015-02-10'),(20396,712978,'2016-03-06'),(20396,715753,'2015-03-07'),(20396,715753,'2015-08-29'),(20396,715753,'2016-02-06'),(20396,715753,'2016-02-27'),(20396,715753,'2016-03-15'),(20396,715753,'2016-04-28'),(20396,718457,'2015-01-09'),(20396,718457,'2015-01-12'),(20396,722152,'2015-04-09'),(20396,722152,'2015-11-24'),(20396,736290,'2015-02-17'),(20396,736290,'2016-03-12'),(20396,758944,'2015-06-26'),(20396,793498,'2015-11-07'),(20396,793498,'2016-02-25'),(20396,812022,'2015-03-27'),(20396,812022,'2015-07-29'),(20396,812022,'2015-08-12'),(20396,820876,'2015-02-19'),(20396,820876,'2015-05-27'),(20396,820876,'2015-07-23'),(20396,820876,'2015-12-09'),(20396,854794,'2015-01-21'),(20396,854794,'2015-04-30'),(20396,854794,'2015-12-03'),(20396,854794,'2016-02-07'),(20396,854794,'2016-02-29'),(20396,860914,'2015-03-22'),(20396,860914,'2015-04-25'),(20396,860914,'2015-06-20'),(20396,867888,'2015-05-08'),(20396,867888,'2015-08-02'),(20396,867888,'2015-08-07'),(20396,867888,'2015-10-30'),(20396,875102,'2015-04-01'),(20396,875102,'2015-07-02'),(20396,875846,'2016-04-03'),(20396,880813,'2015-01-31'),(20396,880813,'2016-01-20'),(20396,880813,'2016-01-22'),(20396,891194,'2015-06-11'),(20396,891194,'2015-06-13'),(20396,891194,'2015-07-03'),(20396,891194,'2016-02-12'),(20396,891194,'2016-02-20'),(20396,904133,'2015-01-01'),(20396,904133,'2015-01-24'),(20396,904133,'2015-03-03'),(20396,904133,'2015-07-14'),(20396,909237,'2015-08-27'),(20396,909237,'2015-11-18'),(20396,915533,'2015-02-18'),(20396,915533,'2015-06-05'),(20396,915533,'2015-06-07'),(20396,922633,'2015-03-22'),(20396,922633,'2015-04-02'),(20396,922633,'2015-06-04'),(20396,922633,'2015-07-11'),(20396,930227,'2015-05-11'),(20396,930227,'2016-02-26'),(20396,948670,'2015-03-02'),(20396,948670,'2015-03-24'),(20396,948670,'2015-05-13'),(20396,948758,'2015-02-09'),(20396,948758,'2015-04-20'),(20396,948758,'2015-11-17'),(20396,948758,'2016-03-13'),(20396,957572,'2015-03-06'),(20396,957572,'2015-10-21'),(20396,957572,'2016-01-16'),(20396,957572,'2016-04-04'),(20396,957572,'2016-05-01'),(20396,960873,'2015-05-25'),(20396,960873,'2015-09-11'),(20396,960873,'2016-03-05'),(20396,960873,'2016-04-13'),(20396,961806,'2015-04-24'),(20396,961806,'2015-09-25'),(20396,961806,'2015-12-03'),(20396,961806,'2016-04-06'),(20396,984020,'2015-12-01'),(20396,984020,'2016-02-01'),(20396,991891,'2015-04-11'),(20396,991891,'2016-01-25'),(23968,102007,'2015-05-16'),(23968,102007,'2015-07-09'),(23968,125352,'2015-01-23'),(23968,125352,'2015-08-27'),(23968,125352,'2015-11-24'),(23968,125352,'2016-01-19'),(23968,125352,'2016-05-05'),(23968,127299,'2015-01-23'),(23968,127299,'2015-01-25'),(23968,127299,'2015-02-16'),(23968,127299,'2015-06-17'),(23968,139650,'2015-10-10'),(23968,139650,'2016-05-09'),(23968,146021,'2015-09-18'),(23968,146021,'2015-12-19'),(23968,146021,'2016-04-01'),(23968,151124,'2015-01-24'),(23968,151124,'2015-10-21'),(23968,151124,'2016-02-19'),(23968,157073,'2015-01-15'),(23968,157073,'2015-08-10'),(23968,157073,'2015-11-01'),(23968,157073,'2016-03-23'),(23968,196639,'2015-08-21'),(23968,196639,'2015-08-22'),(23968,201173,'2015-10-13'),(23968,201173,'2016-01-25'),(23968,201173,'2016-04-04'),(23968,201183,'2015-01-01'),(23968,201183,'2015-09-30'),(23968,201183,'2016-01-30'),(23968,201183,'2016-04-10'),(23968,203791,'2015-07-01'),(23968,203791,'2015-10-07'),(23968,203791,'2016-05-03'),(23968,217817,'2015-01-11'),(23968,217817,'2015-05-10'),(23968,217817,'2015-08-10'),(23968,217817,'2015-09-16'),(23968,217817,'2015-11-01'),(23968,217817,'2016-02-17'),(23968,227581,'2015-11-23'),(23968,227581,'2016-01-03'),(23968,227581,'2016-04-17'),(23968,251806,'2015-05-02'),(23968,251806,'2015-12-19'),(23968,251806,'2016-02-21'),(23968,251806,'2016-03-04'),(23968,251806,'2016-03-12'),(23968,254014,'2015-12-03'),(23968,254014,'2016-02-23'),(23968,259259,'2015-05-11'),(23968,259259,'2015-09-20'),(23968,259259,'2016-01-11'),(23968,259812,'2015-03-21'),(23968,259812,'2015-06-04'),(23968,259812,'2016-02-01'),(23968,259812,'2016-05-07'),(23968,266171,'2015-08-22'),(23968,266171,'2015-11-22'),(23968,266171,'2016-03-12'),(23968,269958,'2015-04-12'),(23968,269958,'2015-04-16'),(23968,269958,'2016-03-07'),(23968,269958,'2016-05-03'),(23968,272055,'2015-02-10'),(23968,272055,'2015-04-20'),(23968,272055,'2015-07-29'),(23968,272055,'2015-09-08'),(23968,272055,'2016-01-01'),(23968,273195,'2015-05-29'),(23968,273195,'2015-07-10'),(23968,273195,'2015-08-27'),(23968,273195,'2016-03-02'),(23968,282999,'2015-01-12'),(23968,282999,'2015-06-08'),(23968,282999,'2015-06-26'),(23968,302467,'2015-10-13'),(23968,320599,'2015-02-06'),(23968,320599,'2015-02-19'),(23968,320599,'2015-03-04'),(23968,327185,'2015-10-14'),(23968,327185,'2016-05-11'),(23968,339359,'2015-05-19'),(23968,360428,'2015-08-08'),(23968,360428,'2015-08-19'),(23968,376527,'2015-02-02'),(23968,376527,'2015-03-28'),(23968,376527,'2015-06-02'),(23968,376527,'2015-09-11'),(23968,376527,'2015-11-19'),(23968,376527,'2016-02-29'),(23968,391186,'2015-02-24'),(23968,391186,'2016-01-29'),(23968,397914,'2015-03-30'),(23968,397914,'2015-09-07'),(23968,397914,'2016-05-06'),(23968,397914,'2016-05-07'),(23968,400280,'2015-05-07'),(23968,400280,'2015-06-27'),(23968,400280,'2015-12-07'),(23968,400280,'2016-01-14'),(23968,431022,'2015-01-05'),(23968,431022,'2015-10-26'),(23968,431022,'2016-03-04'),(23968,443798,'2015-05-13'),(23968,443798,'2015-06-05'),(23968,443798,'2015-08-27'),(23968,447449,'2015-02-16'),(23968,447449,'2015-08-06'),(23968,447449,'2015-09-24'),(23968,447449,'2015-11-26'),(23968,452037,'2015-05-06'),(23968,452037,'2015-12-13'),(23968,452037,'2016-04-26'),(23968,458339,'2015-05-23'),(23968,458339,'2016-01-04'),(23968,492482,'2015-11-09'),(23968,502618,'2015-09-24'),(23968,502618,'2015-10-24'),(23968,502618,'2016-01-26'),(23968,502618,'2016-04-15'),(23968,503287,'2016-03-30'),(23968,512548,'2015-05-09'),(23968,512750,'2015-05-16'),(23968,512750,'2015-12-09'),(23968,512750,'2016-01-22'),(23968,512993,'2015-07-22'),(23968,512993,'2015-07-27'),(23968,512993,'2016-02-12'),(23968,512993,'2016-04-15'),(23968,515509,'2015-03-05'),(23968,515509,'2015-04-03'),(23968,515509,'2015-04-13'),(23968,515509,'2015-10-25'),(23968,515509,'2016-05-12'),(23968,520974,'2015-05-06'),(23968,520974,'2016-01-15'),(23968,520974,'2016-02-10'),(23968,536687,'2015-03-29'),(23968,536687,'2015-07-29'),(23968,536687,'2015-12-16'),(23968,562259,'2015-11-21'),(23968,562259,'2015-12-16'),(23968,574947,'2016-04-23'),(23968,575256,'2015-04-01'),(23968,575256,'2015-07-04'),(23968,575256,'2015-09-11'),(23968,575256,'2016-03-10'),(23968,577290,'2015-03-08'),(23968,577290,'2015-05-14'),(23968,582919,'2015-02-10'),(23968,582919,'2015-02-13'),(23968,582919,'2015-04-23'),(23968,582919,'2015-07-04'),(23968,582919,'2015-08-20'),(23968,582919,'2016-02-10'),(23968,584115,'2015-02-13'),(23968,586631,'2015-04-17'),(23968,595557,'2015-01-21'),(23968,595557,'2015-05-24'),(23968,595557,'2015-07-07'),(23968,595557,'2015-08-23'),(23968,595557,'2015-09-10'),(23968,595557,'2015-12-19'),(23968,595557,'2016-01-29'),(23968,595557,'2016-02-16'),(23968,603160,'2015-07-18'),(23968,603160,'2015-11-14'),(23968,605772,'2015-01-15'),(23968,605772,'2015-01-16'),(23968,605772,'2015-07-21'),(23968,605772,'2016-02-29'),(23968,607001,'2015-11-06'),(23968,607001,'2015-11-10'),(23968,607329,'2015-02-16'),(23968,607329,'2015-03-19'),(23968,607329,'2015-06-17'),(23968,607329,'2015-10-10'),(23968,607329,'2016-02-11'),(23968,607329,'2016-03-17'),(23968,618129,'2015-10-13'),(23968,618129,'2016-05-13'),(23968,624978,'2015-07-03'),(23968,624978,'2015-07-31'),(23968,624978,'2015-08-21'),(23968,624978,'2016-02-06'),(23968,624978,'2016-03-26'),(23968,627651,'2015-11-01'),(23968,628623,'2015-07-28'),(23968,628623,'2015-08-12'),(23968,628623,'2015-09-21'),(23968,628623,'2015-12-12'),(23968,649127,'2015-05-14'),(23968,649127,'2015-09-16'),(23968,649127,'2015-10-04'),(23968,649127,'2016-04-17'),(23968,663493,'2015-10-11'),(23968,663493,'2016-01-17'),(23968,665323,'2015-07-23'),(23968,665323,'2016-04-28'),(23968,668453,'2015-02-17'),(23968,668453,'2015-03-12'),(23968,668453,'2015-05-20'),(23968,668453,'2015-09-07'),(23968,671034,'2015-05-24'),(23968,671034,'2015-07-05'),(23968,671034,'2015-09-02'),(23968,671034,'2015-12-21'),(23968,679657,'2015-05-28'),(23968,679657,'2015-11-16'),(23968,679657,'2016-02-03'),(23968,682930,'2015-03-13'),(23968,682930,'2015-09-28'),(23968,695630,'2015-05-04'),(23968,695630,'2015-09-10'),(23968,695630,'2015-09-16'),(23968,695630,'2015-12-20'),(23968,708150,'2015-05-20'),(23968,712161,'2015-06-01'),(23968,712161,'2015-08-16'),(23968,712161,'2015-11-04'),(23968,712653,'2015-02-20'),(23968,712653,'2015-09-28'),(23968,712653,'2015-11-20'),(23968,712653,'2016-01-31'),(23968,712978,'2015-08-18'),(23968,712978,'2016-01-06'),(23968,712978,'2016-01-16'),(23968,715753,'2015-05-13'),(23968,715753,'2015-06-17'),(23968,715753,'2015-12-04'),(23968,715753,'2016-04-11'),(23968,718457,'2015-01-26'),(23968,718457,'2015-07-23'),(23968,722152,'2015-02-01'),(23968,722152,'2015-03-03'),(23968,722152,'2015-04-13'),(23968,722152,'2015-06-09'),(23968,736290,'2015-05-03'),(23968,736290,'2015-07-10'),(23968,736290,'2015-09-10'),(23968,736290,'2016-03-14'),(23968,758944,'2015-01-28'),(23968,758944,'2015-03-04'),(23968,758944,'2015-06-09'),(23968,758944,'2016-04-23'),(23968,793498,'2016-03-13'),(23968,793498,'2016-05-14'),(23968,812022,'2015-03-08'),(23968,812022,'2015-09-01'),(23968,812022,'2015-09-04'),(23968,812022,'2016-03-31'),(23968,820876,'2015-04-19'),(23968,820876,'2016-01-16'),(23968,820876,'2016-01-31'),(23968,820876,'2016-05-02'),(23968,854794,'2015-09-18'),(23968,854794,'2015-11-28'),(23968,854794,'2016-01-07'),(23968,860914,'2015-01-14'),(23968,860914,'2015-10-04'),(23968,860914,'2016-04-04'),(23968,867888,'2015-04-15'),(23968,867888,'2015-12-06'),(23968,867888,'2016-02-06'),(23968,867888,'2016-03-14'),(23968,875102,'2015-03-09'),(23968,875102,'2015-04-09'),(23968,875846,'2016-04-27'),(23968,880813,'2015-12-06'),(23968,880813,'2015-12-09'),(23968,891194,'2015-04-10'),(23968,891194,'2015-12-20'),(23968,891194,'2016-02-17'),(23968,891194,'2016-02-26'),(23968,904133,'2015-06-21'),(23968,904133,'2015-09-16'),(23968,909237,'2016-01-23'),(23968,915533,'2015-05-01'),(23968,915533,'2015-11-02'),(23968,922633,'2015-04-20'),(23968,922633,'2015-04-28'),(23968,922633,'2015-12-23'),(23968,922633,'2016-02-05'),(23968,930227,'2015-01-21'),(23968,930227,'2016-05-01'),(23968,948670,'2015-03-13'),(23968,948670,'2016-01-16'),(23968,948758,'2015-07-10'),(23968,948758,'2016-04-09'),(23968,948758,'2016-05-12'),(23968,957572,'2016-04-14'),(23968,960873,'2015-01-26'),(23968,960873,'2015-07-19'),(23968,960873,'2015-07-20'),(23968,960873,'2016-01-15'),(23968,960873,'2016-03-05'),(23968,960873,'2016-05-09'),(23968,961806,'2015-02-18'),(23968,961806,'2015-03-01'),(23968,961806,'2015-05-21'),(23968,961806,'2015-08-18'),(23968,961806,'2016-03-21'),(23968,984020,'2015-04-29'),(23968,984020,'2016-03-23'),(23968,991891,'2015-05-07'),(23968,991891,'2015-10-02'),(30420,102007,'2015-05-11'),(30420,102007,'2015-11-27'),(30420,102007,'2015-12-11'),(30420,102007,'2016-03-31'),(30420,125352,'2015-03-25'),(30420,125352,'2015-04-23'),(30420,125352,'2016-04-06'),(30420,125352,'2016-04-26'),(30420,127299,'2015-09-12'),(30420,127299,'2016-01-14'),(30420,127299,'2016-04-11'),(30420,139650,'2015-02-15'),(30420,139650,'2015-05-18'),(30420,139650,'2015-08-25'),(30420,139650,'2015-09-24'),(30420,139650,'2015-10-11'),(30420,139650,'2015-10-17'),(30420,146021,'2015-01-31'),(30420,146021,'2015-07-16'),(30420,151124,'2016-02-29'),(30420,157073,'2015-10-28'),(30420,157073,'2016-02-17'),(30420,196639,'2015-04-24'),(30420,196639,'2015-04-27'),(30420,196639,'2015-05-31'),(30420,196639,'2016-01-03'),(30420,196639,'2016-01-29'),(30420,196639,'2016-04-07'),(30420,201173,'2015-06-22'),(30420,201173,'2015-07-18'),(30420,201173,'2015-09-17'),(30420,201183,'2015-02-24'),(30420,201183,'2015-03-03'),(30420,201183,'2016-02-19'),(30420,203791,'2016-01-11'),(30420,203791,'2016-02-17'),(30420,217817,'2015-06-14'),(30420,227581,'2015-09-12'),(30420,227581,'2016-02-09'),(30420,251806,'2015-03-29'),(30420,251806,'2016-04-07'),(30420,254014,'2015-12-23'),(30420,254014,'2016-04-12'),(30420,259259,'2015-11-23'),(30420,259812,'2015-04-29'),(30420,259812,'2015-09-01'),(30420,259812,'2016-03-21'),(30420,259812,'2016-05-10'),(30420,266171,'2015-01-08'),(30420,266171,'2015-09-28'),(30420,266171,'2015-12-26'),(30420,266171,'2016-04-03'),(30420,269958,'2015-02-04'),(30420,269958,'2015-07-14'),(30420,269958,'2016-02-01'),(30420,272055,'2015-04-09'),(30420,272055,'2015-10-05'),(30420,273195,'2015-08-06'),(30420,282999,'2015-02-10'),(30420,302467,'2015-01-09'),(30420,302467,'2015-10-04'),(30420,302467,'2015-10-09'),(30420,302467,'2016-01-02'),(30420,320599,'2015-05-09'),(30420,320599,'2015-06-24'),(30420,320599,'2016-05-02'),(30420,327185,'2015-01-30'),(30420,327185,'2015-10-04'),(30420,339359,'2015-06-26'),(30420,339359,'2015-12-24'),(30420,360428,'2015-06-15'),(30420,360428,'2015-09-05'),(30420,376527,'2015-05-07'),(30420,376527,'2015-06-06'),(30420,376527,'2015-07-29'),(30420,391186,'2015-01-26'),(30420,391186,'2015-05-09'),(30420,391186,'2016-02-29'),(30420,397914,'2015-06-28'),(30420,397914,'2015-11-05'),(30420,397914,'2016-02-23'),(30420,400280,'2015-06-17'),(30420,400280,'2015-08-19'),(30420,431022,'2015-10-03'),(30420,431022,'2015-11-21'),(30420,431022,'2016-01-07'),(30420,431022,'2016-01-16'),(30420,443798,'2015-11-23'),(30420,443798,'2016-01-12'),(30420,443798,'2016-03-12'),(30420,443798,'2016-04-13'),(30420,443798,'2016-04-28'),(30420,447449,'2015-02-24'),(30420,447449,'2015-03-08'),(30420,447449,'2015-08-24'),(30420,447449,'2016-05-09'),(30420,452037,'2015-01-27'),(30420,452037,'2015-01-29'),(30420,452037,'2015-02-07'),(30420,452037,'2015-03-23'),(30420,452037,'2015-05-02'),(30420,458339,'2015-03-27'),(30420,458339,'2015-12-30'),(30420,492482,'2015-02-19'),(30420,492482,'2015-05-21'),(30420,492482,'2015-12-08'),(30420,502618,'2016-03-28'),(30420,503287,'2015-01-29'),(30420,503287,'2015-10-08'),(30420,512548,'2015-05-29'),(30420,512548,'2015-06-23'),(30420,512548,'2015-11-08'),(30420,512548,'2016-03-31'),(30420,512548,'2016-05-11'),(30420,512750,'2015-01-30'),(30420,512750,'2015-02-15'),(30420,512750,'2015-10-09'),(30420,512750,'2015-12-19'),(30420,512750,'2015-12-23'),(30420,512993,'2015-04-06'),(30420,512993,'2015-06-23'),(30420,512993,'2016-02-15'),(30420,512993,'2016-02-24'),(30420,515509,'2015-04-06'),(30420,515509,'2015-11-30'),(30420,515509,'2016-01-19'),(30420,515509,'2016-02-08'),(30420,515509,'2016-04-04'),(30420,520974,'2015-08-27'),(30420,520974,'2015-09-05'),(30420,536687,'2015-01-06'),(30420,536687,'2015-07-01'),(30420,562259,'2015-06-24'),(30420,562259,'2015-10-10'),(30420,562259,'2016-04-28'),(30420,562259,'2016-05-14'),(30420,574947,'2015-01-03'),(30420,574947,'2015-03-22'),(30420,574947,'2015-07-27'),(30420,574947,'2015-08-14'),(30420,575256,'2015-04-04'),(30420,575256,'2015-06-04'),(30420,575256,'2016-02-25'),(30420,577290,'2015-01-28'),(30420,577290,'2015-05-06'),(30420,577290,'2015-12-24'),(30420,577290,'2016-04-11'),(30420,582919,'2015-03-05'),(30420,582919,'2015-09-06'),(30420,582919,'2015-10-03'),(30420,582919,'2016-03-28'),(30420,582919,'2016-05-07'),(30420,584115,'2015-04-12'),(30420,584115,'2015-04-21'),(30420,584115,'2015-09-13'),(30420,584115,'2015-10-09'),(30420,584115,'2016-01-26'),(30420,586631,'2015-05-02'),(30420,586631,'2015-09-06'),(30420,595557,'2015-07-13'),(30420,595557,'2015-08-30'),(30420,595557,'2015-12-22'),(30420,603160,'2015-03-06'),(30420,603160,'2015-03-24'),(30420,603160,'2016-03-30'),(30420,605772,'2015-07-24'),(30420,607001,'2015-05-06'),(30420,607001,'2015-09-17'),(30420,607001,'2015-10-08'),(30420,607001,'2015-10-18'),(30420,607001,'2015-12-27'),(30420,607329,'2015-09-23'),(30420,607329,'2016-01-15'),(30420,618129,'2015-03-06'),(30420,624978,'2015-06-16'),(30420,627651,'2015-05-30'),(30420,628623,'2015-04-06'),(30420,628623,'2015-04-17'),(30420,628623,'2015-09-10'),(30420,628623,'2016-04-12'),(30420,649127,'2015-02-20'),(30420,649127,'2015-05-09'),(30420,649127,'2015-05-20'),(30420,663493,'2015-01-18'),(30420,663493,'2016-01-23'),(30420,663493,'2016-02-04'),(30420,663493,'2016-04-12'),(30420,665323,'2015-06-30'),(30420,665323,'2015-12-07'),(30420,668453,'2015-04-04'),(30420,668453,'2015-04-05'),(30420,668453,'2015-05-14'),(30420,671034,'2015-09-23'),(30420,671034,'2015-11-11'),(30420,671034,'2016-02-29'),(30420,679657,'2015-01-02'),(30420,679657,'2015-06-20'),(30420,679657,'2015-08-19'),(30420,679657,'2015-12-23'),(30420,679657,'2016-03-24'),(30420,682930,'2015-02-21'),(30420,682930,'2015-05-21'),(30420,682930,'2016-05-01'),(30420,695630,'2015-03-28'),(30420,695630,'2015-06-04'),(30420,695630,'2015-07-02'),(30420,695630,'2016-03-30'),(30420,708150,'2015-08-18'),(30420,708150,'2015-11-22'),(30420,712161,'2016-05-09'),(30420,712653,'2015-04-11'),(30420,712653,'2015-08-06'),(30420,712653,'2015-08-22'),(30420,712653,'2016-03-22'),(30420,712653,'2016-04-03'),(30420,712978,'2015-08-03'),(30420,715753,'2015-03-29'),(30420,715753,'2015-04-12'),(30420,715753,'2015-04-17'),(30420,715753,'2015-10-21'),(30420,718457,'2015-04-14'),(30420,718457,'2015-05-09'),(30420,718457,'2015-06-21'),(30420,718457,'2015-07-29'),(30420,718457,'2015-11-30'),(30420,722152,'2015-05-18'),(30420,722152,'2015-09-30'),(30420,736290,'2015-02-20'),(30420,736290,'2015-08-02'),(30420,736290,'2015-08-06'),(30420,758944,'2015-06-16'),(30420,758944,'2015-08-14'),(30420,758944,'2015-08-16'),(30420,758944,'2015-11-20'),(30420,758944,'2015-12-29'),(30420,793498,'2015-01-13'),(30420,793498,'2015-08-30'),(30420,793498,'2015-09-11'),(30420,812022,'2015-02-27'),(30420,812022,'2015-05-14'),(30420,812022,'2015-06-04'),(30420,812022,'2015-12-05'),(30420,812022,'2016-04-09'),(30420,820876,'2015-09-11'),(30420,854794,'2015-01-12'),(30420,854794,'2015-05-05'),(30420,854794,'2015-09-02'),(30420,854794,'2015-12-25'),(30420,854794,'2016-05-03'),(30420,860914,'2015-04-28'),(30420,860914,'2016-03-10'),(30420,860914,'2016-04-14'),(30420,867888,'2015-04-19'),(30420,867888,'2016-01-11'),(30420,867888,'2016-02-25'),(30420,867888,'2016-02-27'),(30420,875102,'2015-05-05'),(30420,875102,'2015-10-25'),(30420,875102,'2016-04-13'),(30420,875102,'2016-04-14'),(30420,875846,'2015-02-17'),(30420,875846,'2016-05-06'),(30420,880813,'2015-05-03'),(30420,880813,'2015-12-12'),(30420,891194,'2015-06-04'),(30420,891194,'2015-07-06'),(30420,891194,'2016-02-17'),(30420,904133,'2015-05-19'),(30420,904133,'2015-07-26'),(30420,904133,'2015-09-26'),(30420,904133,'2016-02-01'),(30420,909237,'2015-03-12'),(30420,909237,'2015-05-25'),(30420,909237,'2015-10-07'),(30420,915533,'2015-05-08'),(30420,915533,'2015-05-09'),(30420,915533,'2015-06-22'),(30420,915533,'2016-02-13'),(30420,922633,'2015-05-13'),(30420,922633,'2016-03-17'),(30420,930227,'2016-02-16'),(30420,948670,'2015-01-13'),(30420,948670,'2015-06-20'),(30420,948758,'2015-05-02'),(30420,948758,'2016-03-14'),(30420,957572,'2015-06-19'),(30420,957572,'2015-08-28'),(30420,957572,'2015-12-09'),(30420,960873,'2015-02-26'),(30420,961806,'2015-08-22'),(30420,961806,'2015-10-23'),(30420,961806,'2016-02-20'),(30420,961806,'2016-02-24'),(30420,961806,'2016-03-31'),(30420,984020,'2015-06-17'),(30420,984020,'2015-06-19'),(30420,984020,'2015-11-04'),(30420,984020,'2015-11-28'),(30420,991891,'2015-06-16'),(30744,102007,'2016-03-02'),(30744,102007,'2016-04-20'),(30744,125352,'2015-06-14'),(30744,125352,'2015-08-30'),(30744,127299,'2015-06-09'),(30744,127299,'2015-09-17'),(30744,127299,'2016-03-21'),(30744,139650,'2015-05-07'),(30744,139650,'2015-07-24'),(30744,139650,'2015-08-08'),(30744,139650,'2016-01-16'),(30744,139650,'2016-01-18'),(30744,146021,'2015-07-11'),(30744,146021,'2015-07-24'),(30744,151124,'2015-02-24'),(30744,151124,'2015-10-09'),(30744,151124,'2016-05-13'),(30744,157073,'2015-07-30'),(30744,157073,'2015-12-20'),(30744,196639,'2015-03-04'),(30744,196639,'2015-06-19'),(30744,196639,'2015-10-31'),(30744,196639,'2015-11-27'),(30744,196639,'2016-04-26'),(30744,201173,'2015-05-04'),(30744,201173,'2015-05-14'),(30744,201173,'2015-11-27'),(30744,201183,'2015-03-03'),(30744,201183,'2015-04-14'),(30744,201183,'2016-01-13'),(30744,201183,'2016-04-28'),(30744,201183,'2016-04-30'),(30744,203791,'2015-07-23'),(30744,203791,'2015-09-05'),(30744,217817,'2015-04-07'),(30744,217817,'2016-01-26'),(30744,217817,'2016-04-22'),(30744,227581,'2015-05-06'),(30744,227581,'2015-08-30'),(30744,227581,'2016-03-29'),(30744,227581,'2016-04-02'),(30744,251806,'2015-04-04'),(30744,251806,'2015-05-24'),(30744,251806,'2015-07-06'),(30744,254014,'2015-04-15'),(30744,254014,'2016-02-25'),(30744,254014,'2016-03-04'),(30744,259259,'2015-07-28'),(30744,259259,'2016-04-11'),(30744,259812,'2015-08-18'),(30744,259812,'2016-01-15'),(30744,259812,'2016-04-04'),(30744,266171,'2015-08-05'),(30744,266171,'2015-08-28'),(30744,266171,'2015-09-21'),(30744,269958,'2015-05-06'),(30744,269958,'2015-08-27'),(30744,269958,'2015-09-21'),(30744,269958,'2016-02-04'),(30744,269958,'2016-05-05'),(30744,272055,'2016-02-17'),(30744,272055,'2016-03-05'),(30744,273195,'2015-01-03'),(30744,273195,'2015-02-27'),(30744,273195,'2015-03-13'),(30744,273195,'2015-05-02'),(30744,273195,'2015-10-18'),(30744,273195,'2015-12-12'),(30744,273195,'2016-01-27'),(30744,282999,'2016-01-11'),(30744,302467,'2015-07-22'),(30744,302467,'2015-09-01'),(30744,302467,'2015-11-07'),(30744,302467,'2015-11-29'),(30744,320599,'2015-02-26'),(30744,320599,'2015-06-16'),(30744,320599,'2015-08-06'),(30744,320599,'2016-01-02'),(30744,320599,'2016-01-05'),(30744,320599,'2016-02-04'),(30744,327185,'2015-11-07'),(30744,339359,'2015-06-26'),(30744,339359,'2015-10-11'),(30744,339359,'2015-10-26'),(30744,339359,'2016-05-07'),(30744,360428,'2016-05-07'),(30744,376527,'2015-03-19'),(30744,376527,'2015-11-04'),(30744,391186,'2015-03-05'),(30744,391186,'2015-03-24'),(30744,391186,'2015-09-22'),(30744,391186,'2016-01-12'),(30744,397914,'2015-04-27'),(30744,397914,'2016-02-25'),(30744,400280,'2015-02-23'),(30744,400280,'2015-03-15'),(30744,400280,'2015-11-22'),(30744,431022,'2015-01-18'),(30744,431022,'2015-03-26'),(30744,431022,'2015-11-03'),(30744,443798,'2015-03-31'),(30744,443798,'2015-05-14'),(30744,443798,'2015-08-24'),(30744,443798,'2015-11-18'),(30744,443798,'2016-03-30'),(30744,443798,'2016-04-15'),(30744,447449,'2015-01-15'),(30744,447449,'2015-06-09'),(30744,447449,'2016-01-05'),(30744,447449,'2016-02-05'),(30744,452037,'2015-04-18'),(30744,452037,'2015-11-11'),(30744,452037,'2016-01-12'),(30744,458339,'2015-01-21'),(30744,492482,'2015-04-11'),(30744,492482,'2015-07-20'),(30744,502618,'2015-08-17'),(30744,502618,'2015-12-06'),(30744,502618,'2016-03-16'),(30744,503287,'2015-04-25'),(30744,503287,'2015-06-12'),(30744,512548,'2015-07-25'),(30744,512750,'2015-02-24'),(30744,512750,'2015-06-22'),(30744,512750,'2015-10-12'),(30744,512750,'2016-03-15'),(30744,512750,'2016-04-08'),(30744,512993,'2015-04-12'),(30744,512993,'2015-07-08'),(30744,512993,'2016-03-03'),(30744,515509,'2015-06-06'),(30744,515509,'2015-06-23'),(30744,515509,'2015-07-29'),(30744,515509,'2015-09-14'),(30744,515509,'2016-01-30'),(30744,515509,'2016-04-09'),(30744,515509,'2016-04-29'),(30744,520974,'2015-01-16'),(30744,520974,'2015-05-31'),(30744,536687,'2015-11-08'),(30744,536687,'2016-01-21'),(30744,562259,'2015-10-16'),(30744,562259,'2016-03-15'),(30744,574947,'2015-04-15'),(30744,574947,'2015-12-22'),(30744,574947,'2016-04-18'),(30744,575256,'2015-01-24'),(30744,575256,'2015-02-11'),(30744,575256,'2015-03-01'),(30744,575256,'2015-04-20'),(30744,575256,'2015-09-19'),(30744,575256,'2016-05-06'),(30744,577290,'2015-09-02'),(30744,577290,'2015-12-16'),(30744,577290,'2015-12-26'),(30744,582919,'2015-01-11'),(30744,582919,'2015-01-27'),(30744,582919,'2015-09-22'),(30744,582919,'2016-01-24'),(30744,582919,'2016-02-10'),(30744,582919,'2016-02-18'),(30744,584115,'2015-07-13'),(30744,584115,'2016-03-07'),(30744,586631,'2015-03-23'),(30744,586631,'2015-11-15'),(30744,586631,'2015-12-21'),(30744,595557,'2015-05-13'),(30744,595557,'2015-07-05'),(30744,595557,'2016-02-24'),(30744,603160,'2016-01-05'),(30744,603160,'2016-03-29'),(30744,605772,'2015-07-04'),(30744,605772,'2015-10-31'),(30744,605772,'2016-05-13'),(30744,607001,'2015-05-26'),(30744,607001,'2015-08-05'),(30744,607001,'2015-12-14'),(30744,607001,'2016-04-11'),(30744,607329,'2015-02-04'),(30744,607329,'2015-05-17'),(30744,607329,'2015-08-05'),(30744,607329,'2015-12-12'),(30744,618129,'2015-01-25'),(30744,618129,'2015-04-19'),(30744,618129,'2015-08-20'),(30744,618129,'2015-08-25'),(30744,618129,'2015-08-31'),(30744,618129,'2016-01-08'),(30744,624978,'2016-03-31'),(30744,627651,'2015-01-14'),(30744,627651,'2015-02-23'),(30744,627651,'2015-03-01'),(30744,627651,'2015-06-04'),(30744,627651,'2015-12-04'),(30744,628623,'2016-04-06'),(30744,628623,'2016-05-08'),(30744,649127,'2015-04-05'),(30744,649127,'2015-06-25'),(30744,649127,'2015-09-27'),(30744,649127,'2015-10-01'),(30744,663493,'2015-03-19'),(30744,663493,'2015-03-24'),(30744,663493,'2016-02-24'),(30744,665323,'2015-01-14'),(30744,665323,'2016-02-28'),(30744,668453,'2015-03-09'),(30744,668453,'2015-04-01'),(30744,668453,'2015-10-24'),(30744,668453,'2016-04-21'),(30744,671034,'2015-01-23'),(30744,671034,'2015-11-03'),(30744,671034,'2016-05-14'),(30744,679657,'2015-06-15'),(30744,679657,'2016-03-22'),(30744,682930,'2015-04-16'),(30744,695630,'2015-05-05'),(30744,695630,'2015-06-15'),(30744,708150,'2015-05-02'),(30744,712161,'2015-06-26'),(30744,712161,'2015-11-12'),(30744,712653,'2015-04-29'),(30744,712978,'2015-02-02'),(30744,712978,'2015-04-02'),(30744,712978,'2015-06-17'),(30744,712978,'2015-09-12'),(30744,712978,'2015-12-02'),(30744,712978,'2016-04-18'),(30744,715753,'2015-01-30'),(30744,715753,'2015-02-23'),(30744,715753,'2015-11-30'),(30744,715753,'2016-02-25'),(30744,715753,'2016-03-05'),(30744,718457,'2015-11-16'),(30744,722152,'2015-01-02'),(30744,722152,'2015-02-24'),(30744,722152,'2015-04-04'),(30744,722152,'2015-08-10'),(30744,722152,'2015-11-14'),(30744,722152,'2016-02-19'),(30744,722152,'2016-02-26'),(30744,736290,'2015-06-17'),(30744,736290,'2015-09-12'),(30744,736290,'2016-03-16'),(30744,758944,'2015-04-13'),(30744,758944,'2015-07-22'),(30744,758944,'2015-10-08'),(30744,758944,'2016-03-26'),(30744,793498,'2015-01-18'),(30744,793498,'2015-11-27'),(30744,812022,'2015-08-10'),(30744,812022,'2015-10-05'),(30744,820876,'2015-01-20'),(30744,820876,'2015-04-02'),(30744,820876,'2015-07-18'),(30744,820876,'2016-05-08'),(30744,854794,'2015-03-09'),(30744,854794,'2015-10-17'),(30744,860914,'2015-05-03'),(30744,860914,'2015-06-08'),(30744,860914,'2015-08-07'),(30744,867888,'2016-05-06'),(30744,875102,'2015-07-03'),(30744,875102,'2015-08-16'),(30744,875102,'2015-09-19'),(30744,875102,'2015-12-06'),(30744,875846,'2015-11-10'),(30744,875846,'2015-11-27'),(30744,875846,'2016-01-08'),(30744,880813,'2015-01-29'),(30744,880813,'2015-02-09'),(30744,880813,'2015-07-12'),(30744,880813,'2015-12-23'),(30744,880813,'2016-01-28'),(30744,880813,'2016-02-08'),(30744,891194,'2015-03-01'),(30744,891194,'2015-03-27'),(30744,891194,'2016-02-14'),(30744,891194,'2016-04-27'),(30744,904133,'2015-08-30'),(30744,904133,'2015-08-31'),(30744,904133,'2016-01-16'),(30744,909237,'2015-01-09'),(30744,915533,'2015-11-19'),(30744,915533,'2016-02-21'),(30744,922633,'2015-04-18'),(30744,922633,'2016-02-26'),(30744,930227,'2015-03-06'),(30744,930227,'2015-06-04'),(30744,930227,'2015-09-19'),(30744,930227,'2015-10-04'),(30744,948670,'2015-04-23'),(30744,948670,'2016-03-23'),(30744,948758,'2015-12-12'),(30744,948758,'2015-12-29'),(30744,948758,'2016-03-15'),(30744,957572,'2015-03-06'),(30744,957572,'2015-04-14'),(30744,957572,'2016-03-28'),(30744,960873,'2015-03-15'),(30744,960873,'2015-06-07'),(30744,961806,'2015-01-30'),(30744,984020,'2015-03-24'),(30744,991891,'2015-02-06'),(30744,991891,'2015-04-13'),(30744,991891,'2016-04-10'),(32546,102007,'2015-02-25'),(32546,102007,'2015-05-17'),(32546,102007,'2015-05-30'),(32546,102007,'2015-10-17'),(32546,102007,'2015-11-12'),(32546,102007,'2016-01-15'),(32546,125352,'2015-09-03'),(32546,127299,'2015-04-05'),(32546,127299,'2015-10-01'),(32546,127299,'2015-12-15'),(32546,127299,'2016-05-13'),(32546,139650,'2015-01-06'),(32546,139650,'2015-02-22'),(32546,139650,'2015-04-08'),(32546,139650,'2015-12-27'),(32546,139650,'2016-01-17'),(32546,146021,'2015-04-15'),(32546,146021,'2015-04-28'),(32546,151124,'2015-02-20'),(32546,151124,'2015-10-10'),(32546,151124,'2016-05-11'),(32546,157073,'2015-04-15'),(32546,157073,'2015-07-16'),(32546,157073,'2015-09-17'),(32546,157073,'2015-10-27'),(32546,196639,'2015-03-26'),(32546,196639,'2015-08-30'),(32546,196639,'2015-10-15'),(32546,196639,'2016-02-10'),(32546,201173,'2015-12-29'),(32546,201173,'2016-01-25'),(32546,201173,'2016-02-21'),(32546,201183,'2015-10-24'),(32546,201183,'2015-11-27'),(32546,203791,'2015-04-09'),(32546,203791,'2016-01-06'),(32546,203791,'2016-04-20'),(32546,217817,'2015-01-07'),(32546,227581,'2016-01-09'),(32546,251806,'2015-03-08'),(32546,251806,'2015-08-29'),(32546,251806,'2015-10-16'),(32546,251806,'2016-02-24'),(32546,254014,'2015-07-15'),(32546,254014,'2015-11-02'),(32546,259259,'2015-04-06'),(32546,259812,'2015-08-05'),(32546,259812,'2015-12-03'),(32546,266171,'2015-01-04'),(32546,266171,'2015-12-17'),(32546,266171,'2016-01-17'),(32546,266171,'2016-03-20'),(32546,266171,'2016-03-26'),(32546,269958,'2016-05-03'),(32546,272055,'2015-11-19'),(32546,272055,'2016-04-16'),(32546,273195,'2015-04-01'),(32546,273195,'2015-06-07'),(32546,273195,'2015-09-16'),(32546,273195,'2015-10-29'),(32546,273195,'2015-12-02'),(32546,273195,'2016-02-05'),(32546,282999,'2015-03-21'),(32546,282999,'2015-10-29'),(32546,302467,'2015-02-12'),(32546,320599,'2015-03-29'),(32546,320599,'2015-05-23'),(32546,320599,'2015-08-16'),(32546,320599,'2015-08-31'),(32546,320599,'2016-01-25'),(32546,320599,'2016-05-01'),(32546,327185,'2015-08-12'),(32546,327185,'2016-02-17'),(32546,339359,'2015-07-16'),(32546,339359,'2015-11-04'),(32546,339359,'2016-01-22'),(32546,360428,'2015-05-08'),(32546,360428,'2016-01-14'),(32546,360428,'2016-01-30'),(32546,360428,'2016-03-20'),(32546,376527,'2015-06-06'),(32546,376527,'2015-07-29'),(32546,376527,'2015-09-13'),(32546,391186,'2016-01-11'),(32546,391186,'2016-01-23'),(32546,391186,'2016-03-30'),(32546,397914,'2015-04-20'),(32546,397914,'2015-09-16'),(32546,397914,'2016-04-22'),(32546,400280,'2015-02-11'),(32546,431022,'2015-09-23'),(32546,431022,'2015-10-04'),(32546,443798,'2015-06-18'),(32546,443798,'2015-07-10'),(32546,447449,'2015-06-30'),(32546,447449,'2015-09-11'),(32546,447449,'2016-03-26'),(32546,452037,'2015-07-05'),(32546,452037,'2015-08-20'),(32546,458339,'2015-04-05'),(32546,458339,'2015-11-26'),(32546,458339,'2015-12-06'),(32546,492482,'2015-09-28'),(32546,492482,'2015-11-02'),(32546,492482,'2016-03-05'),(32546,502618,'2016-01-08'),(32546,502618,'2016-03-13'),(32546,502618,'2016-04-07'),(32546,503287,'2015-01-31'),(32546,503287,'2015-10-28'),(32546,512548,'2015-02-07'),(32546,512548,'2015-08-04'),(32546,512548,'2016-02-02'),(32546,512548,'2016-05-12'),(32546,512750,'2015-12-20'),(32546,512750,'2016-02-11'),(32546,512993,'2015-06-07'),(32546,512993,'2015-09-14'),(32546,512993,'2015-10-30'),(32546,515509,'2015-02-01'),(32546,520974,'2015-11-21'),(32546,536687,'2015-05-07'),(32546,536687,'2015-09-04'),(32546,536687,'2015-09-29'),(32546,536687,'2015-12-09'),(32546,536687,'2016-04-26'),(32546,562259,'2015-01-20'),(32546,562259,'2015-03-23'),(32546,562259,'2016-03-14'),(32546,562259,'2016-05-03'),(32546,574947,'2015-01-31'),(32546,574947,'2015-12-04'),(32546,575256,'2015-05-06'),(32546,575256,'2016-01-08'),(32546,577290,'2015-01-29'),(32546,577290,'2015-11-11'),(32546,582919,'2015-02-15'),(32546,582919,'2015-03-09'),(32546,582919,'2015-04-24'),(32546,582919,'2015-05-11'),(32546,584115,'2015-07-18'),(32546,584115,'2015-11-18'),(32546,586631,'2015-08-29'),(32546,586631,'2016-02-12'),(32546,586631,'2016-03-17'),(32546,595557,'2015-03-18'),(32546,595557,'2015-05-21'),(32546,595557,'2015-12-23'),(32546,595557,'2016-01-13'),(32546,603160,'2015-06-26'),(32546,603160,'2016-03-21'),(32546,605772,'2015-04-12'),(32546,605772,'2016-02-27'),(32546,605772,'2016-03-18'),(32546,607001,'2015-01-18'),(32546,607001,'2015-08-26'),(32546,607001,'2015-11-11'),(32546,607329,'2015-06-13'),(32546,607329,'2015-10-30'),(32546,607329,'2015-11-27'),(32546,607329,'2015-12-11'),(32546,618129,'2015-07-06'),(32546,618129,'2015-08-14'),(32546,618129,'2015-09-13'),(32546,618129,'2015-09-18'),(32546,624978,'2015-02-20'),(32546,624978,'2015-05-23'),(32546,624978,'2015-11-11'),(32546,627651,'2015-10-23'),(32546,627651,'2016-03-14'),(32546,628623,'2015-03-26'),(32546,628623,'2016-02-13'),(32546,649127,'2015-04-26'),(32546,649127,'2015-11-27'),(32546,649127,'2016-04-10'),(32546,663493,'2015-05-07'),(32546,663493,'2015-05-30'),(32546,663493,'2016-01-08'),(32546,665323,'2015-01-15'),(32546,665323,'2015-09-15'),(32546,665323,'2015-09-29'),(32546,665323,'2015-11-26'),(32546,668453,'2015-04-08'),(32546,668453,'2016-01-24'),(32546,668453,'2016-02-07'),(32546,671034,'2015-03-07'),(32546,671034,'2015-10-13'),(32546,679657,'2015-01-09'),(32546,679657,'2015-11-20'),(32546,679657,'2016-04-24'),(32546,682930,'2015-09-13'),(32546,682930,'2015-11-05'),(32546,682930,'2016-01-21'),(32546,695630,'2015-07-29'),(32546,695630,'2015-09-25'),(32546,695630,'2016-02-25'),(32546,695630,'2016-04-18'),(32546,708150,'2015-05-04'),(32546,708150,'2016-02-25'),(32546,712161,'2015-03-30'),(32546,712161,'2015-06-03'),(32546,712161,'2015-11-16'),(32546,712161,'2015-12-08'),(32546,712653,'2015-01-15'),(32546,712653,'2016-02-13'),(32546,712978,'2015-03-21'),(32546,712978,'2015-06-13'),(32546,712978,'2015-10-07'),(32546,712978,'2015-10-30'),(32546,712978,'2015-11-01'),(32546,712978,'2016-02-10'),(32546,715753,'2015-07-17'),(32546,715753,'2015-10-23'),(32546,718457,'2015-02-03'),(32546,718457,'2016-03-28'),(32546,722152,'2015-02-17'),(32546,722152,'2015-06-10'),(32546,722152,'2016-03-03'),(32546,722152,'2016-04-06'),(32546,736290,'2015-01-03'),(32546,736290,'2015-04-13'),(32546,736290,'2015-10-23'),(32546,758944,'2015-04-11'),(32546,758944,'2015-07-14'),(32546,758944,'2016-01-03'),(32546,793498,'2015-11-26'),(32546,793498,'2016-03-15'),(32546,812022,'2015-03-04'),(32546,812022,'2015-08-06'),(32546,820876,'2015-05-03'),(32546,820876,'2015-12-30'),(32546,820876,'2016-01-14'),(32546,820876,'2016-03-31'),(32546,854794,'2015-08-04'),(32546,854794,'2016-01-19'),(32546,860914,'2015-02-10'),(32546,860914,'2015-07-31'),(32546,860914,'2016-02-01'),(32546,867888,'2015-09-25'),(32546,867888,'2015-12-24'),(32546,867888,'2016-01-25'),(32546,867888,'2016-04-05'),(32546,875102,'2015-03-06'),(32546,875102,'2016-05-06'),(32546,875846,'2016-03-18'),(32546,875846,'2016-04-22'),(32546,880813,'2015-08-30'),(32546,880813,'2015-09-15'),(32546,880813,'2015-10-26'),(32546,880813,'2016-05-08'),(32546,891194,'2015-01-16'),(32546,891194,'2015-06-02'),(32546,891194,'2016-03-13'),(32546,904133,'2015-03-18'),(32546,904133,'2015-10-09'),(32546,904133,'2016-04-20'),(32546,909237,'2015-03-10'),(32546,909237,'2015-04-15'),(32546,909237,'2016-02-14'),(32546,915533,'2015-09-01'),(32546,915533,'2016-05-01'),(32546,922633,'2015-10-29'),(32546,922633,'2016-01-14'),(32546,922633,'2016-04-11'),(32546,930227,'2015-03-22'),(32546,930227,'2015-04-23'),(32546,930227,'2015-08-30'),(32546,930227,'2016-03-28'),(32546,948670,'2015-07-25'),(32546,948670,'2015-08-14'),(32546,948670,'2015-11-19'),(32546,948670,'2016-05-08'),(32546,948758,'2015-05-03'),(32546,948758,'2015-07-26'),(32546,948758,'2015-11-19'),(32546,948758,'2016-01-15'),(32546,957572,'2015-06-04'),(32546,957572,'2016-03-20'),(32546,957572,'2016-04-21'),(32546,960873,'2015-03-23'),(32546,960873,'2015-08-10'),(32546,960873,'2016-02-14'),(32546,961806,'2015-02-23'),(32546,961806,'2015-07-17'),(32546,961806,'2015-10-12'),(32546,961806,'2016-03-20'),(32546,984020,'2015-10-19'),(32546,984020,'2015-10-26'),(32546,984020,'2016-04-21'),(32546,991891,'2015-03-12'),(32546,991891,'2015-10-12'),(32546,991891,'2016-01-11'),(32705,102007,'2015-04-02'),(32705,102007,'2016-04-30'),(32705,125352,'2015-07-23'),(32705,125352,'2015-11-01'),(32705,127299,'2015-08-23'),(32705,127299,'2016-01-05'),(32705,127299,'2016-01-09'),(32705,139650,'2015-02-07'),(32705,139650,'2015-03-26'),(32705,139650,'2015-04-15'),(32705,139650,'2015-10-25'),(32705,146021,'2015-06-29'),(32705,146021,'2015-07-10'),(32705,146021,'2015-07-21'),(32705,146021,'2016-03-17'),(32705,151124,'2015-01-30'),(32705,151124,'2015-02-26'),(32705,151124,'2015-06-21'),(32705,151124,'2015-09-09'),(32705,151124,'2016-04-20'),(32705,157073,'2015-06-10'),(32705,157073,'2015-07-22'),(32705,157073,'2015-10-29'),(32705,196639,'2015-08-23'),(32705,196639,'2015-10-07'),(32705,201173,'2015-01-21'),(32705,201173,'2015-04-21'),(32705,201183,'2015-07-09'),(32705,201183,'2015-08-29'),(32705,201183,'2015-08-30'),(32705,203791,'2015-09-04'),(32705,203791,'2016-04-28'),(32705,217817,'2015-05-19'),(32705,217817,'2015-06-20'),(32705,217817,'2015-07-23'),(32705,217817,'2015-11-14'),(32705,227581,'2015-03-15'),(32705,227581,'2015-09-24'),(32705,251806,'2015-06-16'),(32705,251806,'2016-01-19'),(32705,251806,'2016-02-17'),(32705,254014,'2015-05-02'),(32705,254014,'2015-06-03'),(32705,254014,'2016-01-01'),(32705,259259,'2015-04-05'),(32705,259259,'2015-12-14'),(32705,259259,'2016-02-18'),(32705,259812,'2015-07-23'),(32705,259812,'2015-07-28'),(32705,259812,'2015-09-27'),(32705,266171,'2015-03-21'),(32705,266171,'2015-06-01'),(32705,266171,'2016-03-11'),(32705,269958,'2015-01-01'),(32705,269958,'2015-12-26'),(32705,272055,'2015-02-03'),(32705,272055,'2015-07-20'),(32705,272055,'2016-01-09'),(32705,273195,'2015-03-08'),(32705,273195,'2015-11-18'),(32705,282999,'2015-12-07'),(32705,282999,'2016-05-02'),(32705,302467,'2015-03-13'),(32705,302467,'2015-07-09'),(32705,302467,'2015-09-14'),(32705,302467,'2016-02-01'),(32705,302467,'2016-03-11'),(32705,320599,'2015-04-30'),(32705,320599,'2016-01-20'),(32705,327185,'2015-04-08'),(32705,327185,'2015-05-18'),(32705,327185,'2016-01-17'),(32705,327185,'2016-02-10'),(32705,327185,'2016-04-01'),(32705,339359,'2015-02-11'),(32705,339359,'2015-05-05'),(32705,339359,'2015-07-14'),(32705,360428,'2015-03-06'),(32705,376527,'2015-06-26'),(32705,376527,'2015-09-12'),(32705,376527,'2015-12-16'),(32705,376527,'2016-03-07'),(32705,391186,'2015-02-10'),(32705,391186,'2015-06-06'),(32705,397914,'2015-03-17'),(32705,397914,'2015-07-16'),(32705,400280,'2016-01-30'),(32705,400280,'2016-02-06'),(32705,431022,'2015-02-02'),(32705,431022,'2015-05-03'),(32705,431022,'2015-10-03'),(32705,431022,'2015-10-08'),(32705,431022,'2015-12-30'),(32705,443798,'2016-01-09'),(32705,443798,'2016-03-27'),(32705,447449,'2015-10-15'),(32705,447449,'2016-03-07'),(32705,452037,'2015-01-19'),(32705,452037,'2015-04-12'),(32705,452037,'2015-07-16'),(32705,452037,'2015-09-11'),(32705,458339,'2015-01-01'),(32705,458339,'2015-08-10'),(32705,458339,'2015-10-25'),(32705,492482,'2015-09-22'),(32705,492482,'2016-02-05'),(32705,502618,'2015-08-31'),(32705,503287,'2015-12-28'),(32705,512548,'2015-08-18'),(32705,512548,'2015-11-27'),(32705,512548,'2015-12-23'),(32705,512548,'2016-01-27'),(32705,512750,'2015-04-13'),(32705,512750,'2015-09-28'),(32705,512750,'2015-12-13'),(32705,512993,'2015-06-08'),(32705,515509,'2015-02-01'),(32705,515509,'2015-04-11'),(32705,515509,'2015-05-07'),(32705,515509,'2015-05-22'),(32705,515509,'2015-08-17'),(32705,520974,'2015-03-12'),(32705,520974,'2016-03-17'),(32705,536687,'2015-07-07'),(32705,536687,'2015-09-04'),(32705,536687,'2015-09-08'),(32705,536687,'2015-12-07'),(32705,536687,'2016-04-10'),(32705,562259,'2015-01-25'),(32705,562259,'2015-01-27'),(32705,574947,'2016-04-02'),(32705,575256,'2015-07-26'),(32705,575256,'2015-09-16'),(32705,575256,'2015-12-27'),(32705,575256,'2016-01-31'),(32705,577290,'2015-07-20'),(32705,577290,'2015-08-08'),(32705,577290,'2016-03-22'),(32705,582919,'2015-02-09'),(32705,582919,'2015-04-17'),(32705,582919,'2015-05-07'),(32705,582919,'2015-06-19'),(32705,582919,'2015-07-22'),(32705,582919,'2015-12-06'),(32705,582919,'2016-01-13'),(32705,582919,'2016-03-28'),(32705,584115,'2015-11-11'),(32705,584115,'2016-04-22'),(32705,586631,'2015-07-31'),(32705,595557,'2015-08-07'),(32705,595557,'2016-05-11'),(32705,603160,'2015-08-05'),(32705,603160,'2015-10-03'),(32705,603160,'2015-12-29'),(32705,603160,'2016-01-12'),(32705,603160,'2016-02-03'),(32705,603160,'2016-04-16'),(32705,603160,'2016-05-14'),(32705,605772,'2015-02-26'),(32705,605772,'2015-06-05'),(32705,605772,'2015-07-23'),(32705,605772,'2016-02-22'),(32705,607001,'2015-07-20'),(32705,607001,'2015-12-18'),(32705,607001,'2016-02-19'),(32705,607001,'2016-05-07'),(32705,607329,'2015-12-25'),(32705,618129,'2015-08-26'),(32705,624978,'2015-02-08'),(32705,624978,'2015-05-17'),(32705,624978,'2015-07-07'),(32705,624978,'2015-09-13'),(32705,624978,'2015-10-10'),(32705,624978,'2015-12-30'),(32705,627651,'2015-09-30'),(32705,627651,'2016-01-13'),(32705,628623,'2015-02-02'),(32705,628623,'2015-10-30'),(32705,628623,'2016-04-24'),(32705,649127,'2015-01-30'),(32705,649127,'2015-12-08'),(32705,649127,'2016-04-27'),(32705,663493,'2015-05-07'),(32705,663493,'2015-10-25'),(32705,663493,'2015-11-05'),(32705,663493,'2015-12-03'),(32705,663493,'2016-02-22'),(32705,665323,'2015-10-21'),(32705,665323,'2016-01-31'),(32705,668453,'2015-04-22'),(32705,668453,'2015-06-06'),(32705,668453,'2015-06-30'),(32705,668453,'2015-11-12'),(32705,668453,'2016-01-24'),(32705,668453,'2016-02-13'),(32705,668453,'2016-03-11'),(32705,671034,'2015-08-23'),(32705,671034,'2016-03-26'),(32705,679657,'2015-05-14'),(32705,679657,'2015-08-20'),(32705,679657,'2015-12-08'),(32705,679657,'2016-04-10'),(32705,682930,'2015-07-25'),(32705,682930,'2016-01-16'),(32705,682930,'2016-05-02'),(32705,682930,'2016-05-09'),(32705,695630,'2015-01-05'),(32705,695630,'2015-11-03'),(32705,708150,'2015-05-16'),(32705,708150,'2015-09-10'),(32705,708150,'2016-01-10'),(32705,712161,'2015-06-18'),(32705,712161,'2015-11-12'),(32705,712161,'2015-12-18'),(32705,712161,'2016-03-22'),(32705,712161,'2016-04-29'),(32705,712653,'2015-02-19'),(32705,712653,'2016-02-17'),(32705,712653,'2016-04-06'),(32705,712978,'2016-04-28'),(32705,715753,'2015-03-10'),(32705,718457,'2015-03-30'),(32705,718457,'2015-12-01'),(32705,722152,'2015-05-23'),(32705,722152,'2015-06-12'),(32705,722152,'2015-07-09'),(32705,722152,'2016-03-30'),(32705,736290,'2015-06-14'),(32705,736290,'2015-07-30'),(32705,736290,'2015-08-29'),(32705,736290,'2015-12-09'),(32705,736290,'2015-12-20'),(32705,736290,'2015-12-25'),(32705,736290,'2016-01-14'),(32705,758944,'2015-09-24'),(32705,758944,'2016-01-23'),(32705,793498,'2016-01-15'),(32705,793498,'2016-02-15'),(32705,812022,'2015-09-29'),(32705,812022,'2015-12-02'),(32705,820876,'2015-03-18'),(32705,820876,'2015-06-04'),(32705,854794,'2015-01-05'),(32705,854794,'2015-02-28'),(32705,854794,'2015-03-19'),(32705,854794,'2015-07-27'),(32705,860914,'2015-06-27'),(32705,860914,'2015-08-19'),(32705,860914,'2015-12-16'),(32705,867888,'2015-12-01'),(32705,867888,'2016-02-06'),(32705,875102,'2015-02-16'),(32705,875102,'2015-09-20'),(32705,875102,'2016-01-29'),(32705,875846,'2015-02-14'),(32705,875846,'2015-04-01'),(32705,875846,'2015-07-18'),(32705,875846,'2015-08-27'),(32705,875846,'2015-12-06'),(32705,875846,'2016-05-01'),(32705,880813,'2015-07-01'),(32705,880813,'2015-12-05'),(32705,891194,'2015-02-24'),(32705,891194,'2015-07-30'),(32705,891194,'2016-01-02'),(32705,891194,'2016-03-28'),(32705,904133,'2015-06-11'),(32705,904133,'2015-07-30'),(32705,904133,'2016-04-04'),(32705,909237,'2015-01-07'),(32705,909237,'2015-03-10'),(32705,909237,'2016-01-15'),(32705,915533,'2015-06-18'),(32705,915533,'2015-12-03'),(32705,915533,'2016-04-03'),(32705,922633,'2015-02-20'),(32705,922633,'2015-10-19'),(32705,922633,'2016-01-28'),(32705,922633,'2016-03-26'),(32705,930227,'2015-04-06'),(32705,930227,'2015-05-01'),(32705,930227,'2015-06-25'),(32705,930227,'2015-10-16'),(32705,930227,'2015-12-20'),(32705,948670,'2015-03-13'),(32705,948670,'2015-03-27'),(32705,948670,'2016-02-12'),(32705,948758,'2015-01-02'),(32705,957572,'2015-12-26'),(32705,960873,'2015-01-03'),(32705,960873,'2015-11-27'),(32705,961806,'2015-04-21'),(32705,961806,'2015-10-24'),(32705,961806,'2015-12-13'),(32705,984020,'2015-02-07'),(32705,984020,'2015-10-31'),(32705,991891,'2015-05-02'),(32705,991891,'2015-09-04'),(32705,991891,'2016-05-04'),(40086,102007,'2015-07-17'),(40086,102007,'2015-07-23'),(40086,102007,'2015-11-20'),(40086,125352,'2015-07-20'),(40086,125352,'2016-01-18'),(40086,127299,'2016-03-18'),(40086,139650,'2015-04-08'),(40086,139650,'2016-01-07'),(40086,139650,'2016-05-07'),(40086,146021,'2015-01-22'),(40086,146021,'2015-11-09'),(40086,146021,'2016-02-10'),(40086,146021,'2016-03-31'),(40086,151124,'2016-04-08'),(40086,157073,'2015-04-07'),(40086,157073,'2015-07-02'),(40086,157073,'2015-12-29'),(40086,196639,'2016-03-25'),(40086,201173,'2015-04-15'),(40086,201173,'2015-12-30'),(40086,201173,'2016-01-31'),(40086,201173,'2016-02-08'),(40086,201183,'2015-03-02'),(40086,201183,'2015-05-05'),(40086,201183,'2016-02-10'),(40086,203791,'2015-01-06'),(40086,203791,'2015-10-21'),(40086,203791,'2015-12-24'),(40086,203791,'2016-04-03'),(40086,203791,'2016-05-03'),(40086,217817,'2015-11-01'),(40086,217817,'2015-11-11'),(40086,227581,'2015-01-11'),(40086,227581,'2015-03-19'),(40086,227581,'2015-06-29'),(40086,227581,'2016-05-10'),(40086,251806,'2015-02-13'),(40086,251806,'2015-11-12'),(40086,251806,'2016-03-22'),(40086,254014,'2015-10-04'),(40086,259259,'2015-02-04'),(40086,259259,'2016-01-03'),(40086,259812,'2015-02-05'),(40086,259812,'2015-02-26'),(40086,259812,'2016-01-01'),(40086,259812,'2016-01-14'),(40086,266171,'2015-01-09'),(40086,266171,'2015-01-19'),(40086,266171,'2015-06-16'),(40086,266171,'2016-02-01'),(40086,266171,'2016-04-17'),(40086,269958,'2015-04-07'),(40086,269958,'2015-11-18'),(40086,272055,'2015-01-16'),(40086,272055,'2015-03-05'),(40086,272055,'2015-03-24'),(40086,272055,'2015-04-18'),(40086,272055,'2015-04-20'),(40086,272055,'2015-08-11'),(40086,272055,'2015-11-29'),(40086,272055,'2015-12-17'),(40086,273195,'2015-06-12'),(40086,273195,'2015-08-15'),(40086,273195,'2015-10-23'),(40086,273195,'2016-03-02'),(40086,273195,'2016-03-22'),(40086,282999,'2015-05-08'),(40086,282999,'2016-01-04'),(40086,302467,'2015-04-10'),(40086,302467,'2015-06-30'),(40086,302467,'2015-10-05'),(40086,302467,'2016-02-27'),(40086,320599,'2015-02-13'),(40086,320599,'2015-08-23'),(40086,327185,'2015-04-20'),(40086,327185,'2016-03-05'),(40086,327185,'2016-04-17'),(40086,339359,'2015-07-05'),(40086,339359,'2015-07-16'),(40086,339359,'2015-07-19'),(40086,339359,'2015-07-23'),(40086,360428,'2015-01-16'),(40086,360428,'2015-08-06'),(40086,360428,'2016-01-01'),(40086,360428,'2016-02-03'),(40086,376527,'2015-01-07'),(40086,376527,'2015-06-15'),(40086,376527,'2015-09-20'),(40086,376527,'2015-12-20'),(40086,391186,'2015-08-21'),(40086,391186,'2015-09-23'),(40086,391186,'2016-02-16'),(40086,397914,'2015-07-30'),(40086,397914,'2015-08-06'),(40086,397914,'2015-08-30'),(40086,400280,'2015-09-03'),(40086,400280,'2015-11-25'),(40086,431022,'2015-05-23'),(40086,431022,'2015-07-19'),(40086,431022,'2015-09-08'),(40086,443798,'2015-06-17'),(40086,443798,'2015-07-15'),(40086,443798,'2016-01-24'),(40086,447449,'2015-05-25'),(40086,447449,'2015-12-01'),(40086,452037,'2015-02-14'),(40086,452037,'2015-03-21'),(40086,452037,'2015-04-21'),(40086,452037,'2015-06-09'),(40086,458339,'2015-01-30'),(40086,458339,'2015-02-28'),(40086,458339,'2015-10-15'),(40086,492482,'2015-10-02'),(40086,492482,'2016-03-08'),(40086,502618,'2016-02-15'),(40086,502618,'2016-03-01'),(40086,502618,'2016-03-18'),(40086,503287,'2015-02-18'),(40086,503287,'2015-05-25'),(40086,503287,'2015-06-16'),(40086,503287,'2015-07-23'),(40086,503287,'2015-12-12'),(40086,503287,'2015-12-23'),(40086,512548,'2015-04-09'),(40086,512548,'2015-10-09'),(40086,512548,'2015-10-29'),(40086,512548,'2016-03-09'),(40086,512750,'2015-04-03'),(40086,512750,'2016-03-19'),(40086,512993,'2015-06-17'),(40086,512993,'2015-08-04'),(40086,512993,'2015-08-18'),(40086,512993,'2015-08-20'),(40086,512993,'2016-03-18'),(40086,515509,'2015-07-31'),(40086,515509,'2016-02-10'),(40086,515509,'2016-02-22'),(40086,520974,'2015-02-02'),(40086,520974,'2015-07-14'),(40086,520974,'2016-02-05'),(40086,520974,'2016-04-21'),(40086,536687,'2015-05-14'),(40086,536687,'2015-07-05'),(40086,536687,'2016-03-15'),(40086,536687,'2016-03-28'),(40086,536687,'2016-05-11'),(40086,562259,'2015-08-04'),(40086,562259,'2015-08-27'),(40086,562259,'2016-02-26'),(40086,574947,'2016-03-06'),(40086,574947,'2016-04-11'),(40086,575256,'2015-01-06'),(40086,575256,'2015-01-26'),(40086,575256,'2015-01-29'),(40086,575256,'2015-04-18'),(40086,577290,'2015-01-14'),(40086,577290,'2015-01-24'),(40086,577290,'2015-03-18'),(40086,577290,'2015-03-21'),(40086,582919,'2015-03-23'),(40086,582919,'2015-08-11'),(40086,582919,'2015-08-17'),(40086,584115,'2015-09-20'),(40086,584115,'2015-11-02'),(40086,586631,'2015-03-29'),(40086,586631,'2015-10-29'),(40086,595557,'2015-05-14'),(40086,595557,'2015-11-04'),(40086,595557,'2016-04-22'),(40086,603160,'2015-01-18'),(40086,603160,'2015-06-10'),(40086,603160,'2015-10-04'),(40086,605772,'2015-04-27'),(40086,605772,'2015-05-25'),(40086,605772,'2015-09-07'),(40086,605772,'2015-09-11'),(40086,605772,'2016-01-05'),(40086,607001,'2015-04-01'),(40086,607001,'2015-09-29'),(40086,607329,'2015-02-02'),(40086,607329,'2015-02-07'),(40086,607329,'2015-03-06'),(40086,607329,'2015-09-08'),(40086,607329,'2015-10-26'),(40086,607329,'2016-04-26'),(40086,618129,'2015-12-04'),(40086,624978,'2015-07-01'),(40086,624978,'2016-02-24'),(40086,624978,'2016-05-07'),(40086,624978,'2016-05-12'),(40086,627651,'2015-01-15'),(40086,627651,'2015-08-20'),(40086,628623,'2015-10-26'),(40086,628623,'2015-12-06'),(40086,649127,'2015-04-01'),(40086,649127,'2015-10-03'),(40086,649127,'2015-10-07'),(40086,649127,'2015-12-10'),(40086,649127,'2016-02-14'),(40086,649127,'2016-02-28'),(40086,663493,'2015-01-23'),(40086,663493,'2015-04-03'),(40086,663493,'2015-04-22'),(40086,663493,'2016-01-30'),(40086,663493,'2016-03-06'),(40086,665323,'2015-01-17'),(40086,665323,'2015-06-19'),(40086,665323,'2015-08-30'),(40086,665323,'2015-08-31'),(40086,668453,'2015-08-30'),(40086,668453,'2016-01-28'),(40086,671034,'2015-03-12'),(40086,671034,'2016-01-08'),(40086,671034,'2016-02-21'),(40086,679657,'2015-05-11'),(40086,679657,'2015-05-31'),(40086,679657,'2015-10-29'),(40086,679657,'2015-11-11'),(40086,679657,'2015-11-25'),(40086,682930,'2015-07-13'),(40086,682930,'2015-11-12'),(40086,695630,'2015-04-11'),(40086,695630,'2015-04-20'),(40086,695630,'2015-11-04'),(40086,708150,'2015-06-10'),(40086,708150,'2015-06-19'),(40086,708150,'2016-04-01'),(40086,712161,'2015-02-02'),(40086,712161,'2015-05-08'),(40086,712161,'2015-08-09'),(40086,712161,'2016-02-05'),(40086,712161,'2016-03-26'),(40086,712653,'2015-06-27'),(40086,712653,'2015-11-22'),(40086,712653,'2015-11-27'),(40086,712653,'2016-04-21'),(40086,712978,'2015-05-27'),(40086,712978,'2015-06-12'),(40086,712978,'2015-10-14'),(40086,715753,'2015-04-12'),(40086,715753,'2015-08-02'),(40086,718457,'2015-01-22'),(40086,718457,'2015-08-25'),(40086,718457,'2015-11-11'),(40086,722152,'2015-02-11'),(40086,722152,'2015-03-27'),(40086,722152,'2015-07-09'),(40086,736290,'2015-10-26'),(40086,758944,'2015-09-30'),(40086,758944,'2016-04-20'),(40086,793498,'2015-02-19'),(40086,793498,'2015-04-08'),(40086,793498,'2015-09-08'),(40086,812022,'2015-04-27'),(40086,812022,'2015-10-26'),(40086,820876,'2015-02-12'),(40086,820876,'2015-05-03'),(40086,854794,'2015-05-17'),(40086,854794,'2015-11-28'),(40086,860914,'2015-03-28'),(40086,860914,'2015-04-04'),(40086,860914,'2015-12-20'),(40086,860914,'2016-02-23'),(40086,860914,'2016-03-10'),(40086,867888,'2015-03-13'),(40086,867888,'2015-12-27'),(40086,875102,'2015-09-25'),(40086,875846,'2015-02-08'),(40086,875846,'2015-02-21'),(40086,875846,'2015-07-16'),(40086,875846,'2015-07-18'),(40086,875846,'2016-05-10'),(40086,880813,'2015-04-30'),(40086,880813,'2015-12-03'),(40086,891194,'2015-02-17'),(40086,891194,'2015-06-30'),(40086,891194,'2015-10-06'),(40086,891194,'2016-01-31'),(40086,904133,'2015-07-31'),(40086,904133,'2016-03-27'),(40086,904133,'2016-05-01'),(40086,909237,'2015-04-12'),(40086,909237,'2015-07-05'),(40086,909237,'2015-10-23'),(40086,909237,'2015-11-12'),(40086,915533,'2015-04-27'),(40086,915533,'2015-10-14'),(40086,915533,'2016-04-29'),(40086,922633,'2015-04-24'),(40086,922633,'2015-06-03'),(40086,930227,'2015-07-03'),(40086,930227,'2016-01-17'),(40086,930227,'2016-01-23'),(40086,948670,'2015-01-26'),(40086,948670,'2015-08-06'),(40086,948758,'2015-03-20'),(40086,948758,'2015-03-21'),(40086,948758,'2015-10-13'),(40086,948758,'2016-02-05'),(40086,957572,'2016-03-02'),(40086,960873,'2015-08-26'),(40086,960873,'2015-12-11'),(40086,960873,'2016-04-02'),(40086,961806,'2015-01-18'),(40086,961806,'2016-01-28'),(40086,961806,'2016-02-05'),(40086,984020,'2015-05-06'),(40086,984020,'2015-10-25'),(40086,984020,'2016-03-29'),(40086,991891,'2015-12-05'),(40086,991891,'2016-04-04'),(42406,125352,'2015-03-06'),(42406,125352,'2015-11-18'),(42406,127299,'2015-08-08'),(42406,139650,'2015-11-02'),(42406,146021,'2015-10-19'),(42406,151124,'2015-04-27'),(42406,151124,'2015-05-02'),(42406,151124,'2015-07-18'),(42406,151124,'2015-08-12'),(42406,151124,'2015-11-22'),(42406,151124,'2016-03-18'),(42406,151124,'2016-03-30'),(42406,157073,'2015-01-14'),(42406,157073,'2015-05-21'),(42406,157073,'2015-09-11'),(42406,201173,'2015-02-28'),(42406,201173,'2015-04-18'),(42406,201173,'2015-04-21'),(42406,201183,'2015-08-20'),(42406,201183,'2015-10-22'),(42406,201183,'2015-10-27'),(42406,201183,'2016-04-27'),(42406,203791,'2015-05-06'),(42406,203791,'2015-12-01'),(42406,217817,'2015-06-16'),(42406,217817,'2015-07-02'),(42406,217817,'2015-07-16'),(42406,217817,'2015-09-05'),(42406,227581,'2015-03-01'),(42406,251806,'2016-01-10'),(42406,259259,'2015-03-01'),(42406,259812,'2015-04-28'),(42406,259812,'2015-07-10'),(42406,266171,'2015-06-21'),(42406,269958,'2015-04-08'),(42406,269958,'2015-09-05'),(42406,269958,'2015-10-20'),(42406,273195,'2015-03-05'),(42406,273195,'2015-07-16'),(42406,273195,'2016-01-30'),(42406,282999,'2016-04-11'),(42406,282999,'2016-05-13'),(42406,320599,'2015-01-14'),(42406,320599,'2015-05-22'),(42406,320599,'2015-05-25'),(42406,320599,'2015-08-04'),(42406,327185,'2016-02-12'),(42406,360428,'2015-09-23'),(42406,376527,'2015-03-02'),(42406,397914,'2015-10-07'),(42406,397914,'2015-12-02'),(42406,397914,'2016-03-27'),(42406,400280,'2015-09-11'),(42406,400280,'2016-03-27'),(42406,431022,'2015-05-26'),(42406,431022,'2015-11-25'),(42406,431022,'2016-04-03'),(42406,443798,'2015-03-12'),(42406,443798,'2015-04-04'),(42406,443798,'2015-05-30'),(42406,447449,'2016-01-01'),(42406,452037,'2016-01-03'),(42406,452037,'2016-01-18'),(42406,458339,'2015-12-02'),(42406,492482,'2015-04-28'),(42406,492482,'2015-10-18'),(42406,502618,'2015-04-01'),(42406,502618,'2015-06-22'),(42406,502618,'2016-01-22'),(42406,502618,'2016-05-09'),(42406,503287,'2015-02-03'),(42406,503287,'2015-04-29'),(42406,503287,'2016-02-07'),(42406,503287,'2016-05-14'),(42406,512548,'2015-03-24'),(42406,512750,'2015-05-16'),(42406,512750,'2016-05-04'),(42406,515509,'2016-04-04'),(42406,520974,'2015-02-27'),(42406,520974,'2015-03-06'),(42406,520974,'2015-03-25'),(42406,520974,'2016-04-24'),(42406,536687,'2015-11-27'),(42406,562259,'2015-10-28'),(42406,562259,'2016-05-10'),(42406,577290,'2015-11-20'),(42406,577290,'2016-01-08'),(42406,582919,'2015-02-09'),(42406,582919,'2015-02-28'),(42406,582919,'2016-03-20'),(42406,584115,'2015-06-23'),(42406,584115,'2015-10-04'),(42406,586631,'2015-07-12'),(42406,595557,'2015-01-12'),(42406,605772,'2015-03-23'),(42406,605772,'2015-05-04'),(42406,605772,'2015-09-06'),(42406,605772,'2016-03-23'),(42406,607001,'2015-03-18'),(42406,607329,'2015-08-30'),(42406,618129,'2015-01-12'),(42406,618129,'2015-05-06'),(42406,618129,'2015-09-30'),(42406,618129,'2015-11-12'),(42406,618129,'2016-01-03'),(42406,618129,'2016-04-27'),(42406,624978,'2016-05-07'),(42406,627651,'2015-08-31'),(42406,627651,'2016-03-07'),(42406,663493,'2015-03-09'),(42406,663493,'2015-09-19'),(42406,663493,'2015-12-31'),(42406,665323,'2015-05-17'),(42406,665323,'2016-01-30'),(42406,668453,'2016-04-07'),(42406,668453,'2016-05-02'),(42406,671034,'2015-12-26'),(42406,671034,'2016-01-22'),(42406,679657,'2015-02-15'),(42406,695630,'2015-02-19'),(42406,695630,'2015-07-04'),(42406,695630,'2015-11-15'),(42406,708150,'2015-08-29'),(42406,708150,'2015-11-24'),(42406,712161,'2015-05-20'),(42406,712161,'2015-07-01'),(42406,712653,'2015-02-20'),(42406,712653,'2015-08-06'),(42406,712653,'2015-10-30'),(42406,712653,'2015-11-06'),(42406,712653,'2015-12-27'),(42406,712653,'2016-01-10'),(42406,712653,'2016-02-08'),(42406,712978,'2015-02-11'),(42406,712978,'2015-04-07'),(42406,712978,'2015-06-28'),(42406,712978,'2015-08-01'),(42406,712978,'2016-02-27'),(42406,715753,'2015-09-30'),(42406,715753,'2016-01-23'),(42406,715753,'2016-05-12'),(42406,718457,'2015-01-04'),(42406,718457,'2015-05-06'),(42406,736290,'2015-04-21'),(42406,736290,'2015-06-08'),(42406,736290,'2015-07-02'),(42406,736290,'2015-07-03'),(42406,736290,'2016-01-17'),(42406,758944,'2015-02-14'),(42406,793498,'2015-06-04'),(42406,793498,'2016-04-26'),(42406,820876,'2015-06-18'),(42406,854794,'2015-04-15'),(42406,867888,'2015-01-30'),(42406,867888,'2016-01-11'),(42406,867888,'2016-04-24'),(42406,875102,'2015-06-25'),(42406,875102,'2016-04-22'),(42406,875846,'2015-01-17'),(42406,875846,'2015-03-22'),(42406,875846,'2016-05-03'),(42406,880813,'2015-04-25'),(42406,891194,'2015-04-12'),(42406,891194,'2015-06-19'),(42406,904133,'2015-04-22'),(42406,904133,'2015-06-08'),(42406,909237,'2015-06-06'),(42406,909237,'2016-05-09'),(42406,915533,'2015-05-11'),(42406,915533,'2015-06-16'),(42406,915533,'2015-08-18'),(42406,915533,'2016-04-09'),(42406,922633,'2015-05-24'),(42406,922633,'2015-06-08'),(42406,930227,'2015-03-03'),(42406,930227,'2016-02-29'),(42406,948670,'2015-02-13'),(42406,948670,'2015-10-21'),(42406,948758,'2015-01-20'),(42406,948758,'2015-03-01'),(42406,948758,'2015-07-08'),(42406,957572,'2015-03-06'),(42406,957572,'2015-10-22'),(42406,957572,'2015-11-11'),(42406,960873,'2015-12-22'),(42406,961806,'2015-12-28'),(42406,961806,'2016-04-01'),(42406,984020,'2015-08-29'),(42406,991891,'2015-10-26'),(42406,991891,'2016-04-15'),(53863,102007,'2016-01-11'),(53863,125352,'2015-05-22'),(53863,125352,'2015-06-21'),(53863,125352,'2015-07-29'),(53863,127299,'2015-12-22'),(53863,139650,'2015-04-19'),(53863,139650,'2015-11-04'),(53863,151124,'2015-08-23'),(53863,151124,'2015-10-05'),(53863,151124,'2015-11-26'),(53863,151124,'2016-01-15'),(53863,157073,'2015-01-11'),(53863,157073,'2015-02-19'),(53863,157073,'2015-10-05'),(53863,157073,'2016-02-06'),(53863,196639,'2015-08-15'),(53863,201173,'2015-08-12'),(53863,201183,'2015-02-07'),(53863,201183,'2015-05-04'),(53863,201183,'2015-05-24'),(53863,201183,'2015-09-07'),(53863,217817,'2015-01-12'),(53863,217817,'2015-02-11'),(53863,217817,'2015-12-13'),(53863,217817,'2016-01-01'),(53863,227581,'2015-11-13'),(53863,251806,'2015-01-22'),(53863,251806,'2015-08-28'),(53863,254014,'2015-03-19'),(53863,254014,'2015-05-26'),(53863,259812,'2016-02-06'),(53863,266171,'2016-04-07'),(53863,269958,'2015-03-11'),(53863,269958,'2015-12-07'),(53863,272055,'2015-01-02'),(53863,272055,'2015-04-09'),(53863,272055,'2015-06-07'),(53863,272055,'2015-09-02'),(53863,272055,'2016-02-04'),(53863,282999,'2015-05-01'),(53863,282999,'2015-06-01'),(53863,282999,'2015-08-21'),(53863,282999,'2015-11-05'),(53863,320599,'2015-04-20'),(53863,327185,'2015-10-12'),(53863,339359,'2015-08-04'),(53863,339359,'2016-04-08'),(53863,339359,'2016-04-30'),(53863,360428,'2016-01-12'),(53863,376527,'2015-03-04'),(53863,376527,'2015-03-11'),(53863,376527,'2015-04-29'),(53863,376527,'2015-05-25'),(53863,376527,'2016-01-22'),(53863,391186,'2015-01-22'),(53863,391186,'2015-01-30'),(53863,391186,'2015-02-04'),(53863,391186,'2015-09-21'),(53863,391186,'2016-04-03'),(53863,391186,'2016-05-12'),(53863,397914,'2015-10-04'),(53863,400280,'2015-10-11'),(53863,400280,'2015-11-20'),(53863,400280,'2016-01-01'),(53863,431022,'2016-02-27'),(53863,447449,'2015-03-03'),(53863,447449,'2015-04-07'),(53863,447449,'2015-11-20'),(53863,452037,'2015-02-15'),(53863,452037,'2015-06-09'),(53863,452037,'2015-08-29'),(53863,452037,'2015-09-03'),(53863,458339,'2015-07-04'),(53863,458339,'2015-07-09'),(53863,458339,'2015-10-28'),(53863,502618,'2015-05-29'),(53863,502618,'2016-01-04'),(53863,503287,'2015-09-13'),(53863,512548,'2015-10-18'),(53863,512548,'2016-01-31'),(53863,512750,'2015-04-17'),(53863,512750,'2015-05-22'),(53863,512750,'2015-06-17'),(53863,512750,'2016-02-14'),(53863,512993,'2015-12-29'),(53863,515509,'2015-09-03'),(53863,520974,'2015-04-30'),(53863,536687,'2016-03-04'),(53863,562259,'2015-06-04'),(53863,562259,'2015-07-12'),(53863,562259,'2015-10-05'),(53863,574947,'2015-07-17'),(53863,574947,'2015-09-21'),(53863,574947,'2015-11-13'),(53863,574947,'2015-12-24'),(53863,575256,'2015-04-19'),(53863,575256,'2016-01-19'),(53863,577290,'2015-04-28'),(53863,582919,'2015-03-20'),(53863,584115,'2015-03-06'),(53863,584115,'2015-06-21'),(53863,584115,'2015-07-01'),(53863,584115,'2015-10-17'),(53863,586631,'2015-10-12'),(53863,586631,'2015-11-28'),(53863,595557,'2015-03-02'),(53863,603160,'2015-10-30'),(53863,603160,'2016-01-11'),(53863,605772,'2015-10-27'),(53863,607001,'2015-06-19'),(53863,607001,'2015-08-19'),(53863,607329,'2016-04-11'),(53863,618129,'2015-07-01'),(53863,624978,'2015-08-13'),(53863,624978,'2015-09-04'),(53863,624978,'2016-02-24'),(53863,627651,'2015-07-30'),(53863,627651,'2015-09-15'),(53863,627651,'2015-10-02'),(53863,628623,'2015-07-23'),(53863,649127,'2015-02-02'),(53863,649127,'2015-02-07'),(53863,649127,'2015-04-30'),(53863,649127,'2015-07-19'),(53863,649127,'2015-08-05'),(53863,649127,'2015-08-10'),(53863,649127,'2015-09-04'),(53863,649127,'2015-09-18'),(53863,663493,'2015-06-29'),(53863,663493,'2015-07-26'),(53863,663493,'2015-11-11'),(53863,663493,'2015-12-22'),(53863,665323,'2015-03-05'),(53863,665323,'2015-06-10'),(53863,665323,'2015-07-30'),(53863,668453,'2015-08-31'),(53863,668453,'2016-02-20'),(53863,671034,'2015-08-09'),(53863,671034,'2015-11-11'),(53863,679657,'2015-03-09'),(53863,679657,'2015-04-04'),(53863,679657,'2015-08-24'),(53863,679657,'2015-10-10'),(53863,682930,'2015-06-20'),(53863,682930,'2015-07-07'),(53863,695630,'2016-02-17'),(53863,695630,'2016-03-29'),(53863,712978,'2015-10-01'),(53863,715753,'2015-01-08'),(53863,715753,'2015-06-05'),(53863,715753,'2015-10-04'),(53863,718457,'2015-06-14'),(53863,736290,'2015-03-30'),(53863,736290,'2015-05-10'),(53863,736290,'2015-09-29'),(53863,758944,'2015-03-24'),(53863,758944,'2015-06-18'),(53863,758944,'2016-03-01'),(53863,793498,'2015-01-19'),(53863,812022,'2015-05-31'),(53863,820876,'2015-12-13'),(53863,820876,'2016-02-10'),(53863,854794,'2015-06-13'),(53863,854794,'2015-06-18'),(53863,854794,'2015-07-05'),(53863,854794,'2015-12-10'),(53863,854794,'2016-02-23'),(53863,854794,'2016-03-04'),(53863,854794,'2016-03-24'),(53863,860914,'2015-04-22'),(53863,860914,'2015-06-11'),(53863,860914,'2016-01-18'),(53863,867888,'2015-05-15'),(53863,867888,'2016-03-28'),(53863,875102,'2015-02-08'),(53863,875102,'2015-04-17'),(53863,875102,'2015-04-29'),(53863,875102,'2015-07-19'),(53863,875102,'2016-01-27'),(53863,875102,'2016-04-19'),(53863,875846,'2015-08-10'),(53863,875846,'2015-12-04'),(53863,875846,'2016-02-28'),(53863,880813,'2015-01-03'),(53863,880813,'2015-01-08'),(53863,880813,'2015-07-02'),(53863,880813,'2015-08-24'),(53863,904133,'2016-03-03'),(53863,909237,'2015-05-13'),(53863,909237,'2016-04-04'),(53863,915533,'2015-05-22'),(53863,915533,'2015-11-19'),(53863,915533,'2016-04-12'),(53863,922633,'2015-03-04'),(53863,922633,'2015-12-04'),(53863,922633,'2016-04-19'),(53863,930227,'2015-12-23'),(53863,930227,'2016-05-03'),(53863,948670,'2015-03-24'),(53863,948758,'2015-09-25'),(53863,948758,'2016-01-28'),(53863,948758,'2016-03-19'),(53863,957572,'2015-09-27'),(53863,957572,'2015-10-18'),(53863,960873,'2015-07-13'),(53863,960873,'2015-08-03'),(53863,984020,'2015-01-19'),(53863,984020,'2015-03-09'),(53863,984020,'2016-05-09'),(53863,991891,'2015-09-23'),(55759,102007,'2015-10-31'),(55759,102007,'2016-04-25'),(55759,125352,'2015-02-25'),(55759,125352,'2015-05-17'),(55759,125352,'2016-01-20'),(55759,125352,'2016-02-14'),(55759,125352,'2016-05-06'),(55759,127299,'2015-10-06'),(55759,127299,'2016-04-25'),(55759,139650,'2015-07-21'),(55759,146021,'2015-01-19'),(55759,146021,'2015-01-30'),(55759,146021,'2015-10-06'),(55759,146021,'2016-04-19'),(55759,151124,'2016-01-24'),(55759,151124,'2016-03-27'),(55759,157073,'2016-03-22'),(55759,196639,'2015-07-07'),(55759,201173,'2015-02-24'),(55759,201173,'2015-11-16'),(55759,201183,'2015-09-12'),(55759,201183,'2015-12-02'),(55759,203791,'2015-05-21'),(55759,203791,'2015-11-29'),(55759,203791,'2016-05-01'),(55759,217817,'2015-11-30'),(55759,227581,'2015-01-02'),(55759,227581,'2015-10-15'),(55759,251806,'2015-09-27'),(55759,251806,'2015-10-21'),(55759,254014,'2015-04-14'),(55759,259259,'2015-04-09'),(55759,259259,'2015-07-27'),(55759,259812,'2015-01-27'),(55759,259812,'2015-10-23'),(55759,259812,'2016-04-15'),(55759,259812,'2016-05-04'),(55759,269958,'2015-05-12'),(55759,269958,'2015-05-23'),(55759,269958,'2016-01-12'),(55759,269958,'2016-02-04'),(55759,269958,'2016-02-22'),(55759,273195,'2015-11-05'),(55759,273195,'2015-12-11'),(55759,302467,'2015-03-05'),(55759,302467,'2015-05-10'),(55759,302467,'2015-12-14'),(55759,320599,'2015-01-10'),(55759,327185,'2015-01-10'),(55759,327185,'2015-05-06'),(55759,327185,'2015-06-21'),(55759,376527,'2015-09-18'),(55759,376527,'2015-11-21'),(55759,391186,'2015-01-08'),(55759,391186,'2015-06-09'),(55759,391186,'2015-11-28'),(55759,397914,'2015-01-02'),(55759,397914,'2015-01-16'),(55759,397914,'2015-04-22'),(55759,397914,'2015-10-19'),(55759,397914,'2015-12-15'),(55759,397914,'2016-04-06'),(55759,400280,'2015-08-26'),(55759,400280,'2015-11-27'),(55759,400280,'2016-02-02'),(55759,431022,'2015-06-13'),(55759,443798,'2015-06-13'),(55759,447449,'2015-05-02'),(55759,452037,'2015-05-11'),(55759,458339,'2015-12-05'),(55759,492482,'2016-03-07'),(55759,492482,'2016-05-10'),(55759,512548,'2015-05-12'),(55759,512548,'2015-06-11'),(55759,512548,'2016-03-12'),(55759,515509,'2015-03-17'),(55759,515509,'2016-04-09'),(55759,520974,'2015-06-30'),(55759,520974,'2015-10-30'),(55759,520974,'2015-11-14'),(55759,536687,'2015-06-28'),(55759,562259,'2016-01-24'),(55759,574947,'2015-02-19'),(55759,574947,'2015-05-03'),(55759,574947,'2015-07-05'),(55759,574947,'2015-08-02'),(55759,574947,'2015-08-19'),(55759,574947,'2015-09-19'),(55759,582919,'2015-02-09'),(55759,582919,'2015-06-24'),(55759,582919,'2015-07-31'),(55759,582919,'2015-08-06'),(55759,584115,'2015-03-02'),(55759,584115,'2015-06-01'),(55759,586631,'2015-02-03'),(55759,586631,'2015-06-28'),(55759,586631,'2015-10-17'),(55759,586631,'2016-04-07'),(55759,586631,'2016-04-30'),(55759,595557,'2015-10-03'),(55759,595557,'2016-03-16'),(55759,595557,'2016-04-11'),(55759,603160,'2015-08-15'),(55759,605772,'2015-04-06'),(55759,607329,'2015-08-21'),(55759,618129,'2015-04-30'),(55759,618129,'2015-07-01'),(55759,618129,'2016-01-12'),(55759,624978,'2015-01-14'),(55759,624978,'2015-12-13'),(55759,627651,'2016-01-13'),(55759,628623,'2015-05-12'),(55759,628623,'2015-11-28'),(55759,628623,'2016-04-26'),(55759,663493,'2015-06-01'),(55759,663493,'2015-09-14'),(55759,663493,'2016-03-21'),(55759,665323,'2015-11-20'),(55759,668453,'2016-03-18'),(55759,671034,'2015-07-28'),(55759,671034,'2016-02-19'),(55759,679657,'2015-08-04'),(55759,679657,'2016-02-17'),(55759,682930,'2015-08-20'),(55759,682930,'2015-08-26'),(55759,695630,'2015-06-23'),(55759,695630,'2015-08-12'),(55759,695630,'2015-09-12'),(55759,708150,'2015-01-07'),(55759,708150,'2015-08-20'),(55759,712161,'2015-03-15'),(55759,712161,'2015-09-05'),(55759,712161,'2015-10-04'),(55759,712978,'2015-10-24'),(55759,718457,'2015-04-04'),(55759,718457,'2015-12-02'),(55759,718457,'2015-12-31'),(55759,718457,'2016-02-20'),(55759,722152,'2015-07-16'),(55759,736290,'2015-01-02'),(55759,736290,'2015-04-15'),(55759,736290,'2016-02-09'),(55759,793498,'2015-03-26'),(55759,812022,'2015-05-30'),(55759,812022,'2015-12-18'),(55759,812022,'2016-02-21'),(55759,854794,'2015-06-23'),(55759,867888,'2015-02-05'),(55759,867888,'2015-06-11'),(55759,867888,'2015-07-01'),(55759,867888,'2015-10-19'),(55759,867888,'2016-04-04'),(55759,875102,'2015-12-28'),(55759,875102,'2016-03-13'),(55759,875102,'2016-04-20'),(55759,875846,'2016-03-10'),(55759,875846,'2016-04-10'),(55759,880813,'2015-09-12'),(55759,880813,'2015-10-13'),(55759,880813,'2016-01-05'),(55759,891194,'2015-08-02'),(55759,904133,'2015-01-07'),(55759,904133,'2015-12-30'),(55759,909237,'2015-07-06'),(55759,909237,'2015-12-01'),(55759,915533,'2015-10-08'),(55759,915533,'2016-02-28'),(55759,922633,'2015-07-24'),(55759,930227,'2015-09-17'),(55759,930227,'2015-10-21'),(55759,948758,'2015-04-21'),(55759,948758,'2015-07-01'),(55759,957572,'2015-06-04'),(55759,957572,'2016-04-13'),(55759,984020,'2015-01-24'),(55759,984020,'2015-12-25'),(55759,991891,'2015-02-12'),(55759,991891,'2015-02-13'),(55759,991891,'2015-02-27'),(56431,102007,'2015-03-29'),(56431,102007,'2015-05-04'),(56431,102007,'2015-09-06'),(56431,102007,'2016-01-08'),(56431,125352,'2015-01-30'),(56431,125352,'2015-04-13'),(56431,127299,'2015-02-23'),(56431,127299,'2015-03-29'),(56431,127299,'2015-09-30'),(56431,139650,'2015-04-23'),(56431,139650,'2015-07-05'),(56431,151124,'2015-01-17'),(56431,151124,'2016-01-18'),(56431,157073,'2016-01-24'),(56431,201183,'2015-12-15'),(56431,203791,'2015-07-07'),(56431,203791,'2015-07-26'),(56431,203791,'2015-11-07'),(56431,217817,'2015-03-20'),(56431,227581,'2015-02-24'),(56431,227581,'2015-08-25'),(56431,227581,'2015-09-22'),(56431,227581,'2016-01-25'),(56431,254014,'2015-01-04'),(56431,254014,'2015-12-25'),(56431,254014,'2016-02-13'),(56431,254014,'2016-05-03'),(56431,259259,'2015-08-24'),(56431,259259,'2015-11-21'),(56431,259259,'2016-01-09'),(56431,259812,'2015-10-11'),(56431,259812,'2015-12-14'),(56431,259812,'2016-01-18'),(56431,266171,'2016-01-09'),(56431,266171,'2016-02-15'),(56431,266171,'2016-03-24'),(56431,266171,'2016-05-01'),(56431,269958,'2015-03-22'),(56431,269958,'2016-01-04'),(56431,269958,'2016-04-15'),(56431,272055,'2015-12-08'),(56431,282999,'2015-07-14'),(56431,302467,'2015-10-30'),(56431,320599,'2015-11-27'),(56431,339359,'2015-12-26'),(56431,360428,'2015-03-12'),(56431,360428,'2015-10-21'),(56431,360428,'2015-11-08'),(56431,360428,'2016-01-02'),(56431,376527,'2015-09-19'),(56431,376527,'2016-04-09'),(56431,391186,'2015-03-09'),(56431,391186,'2015-12-30'),(56431,391186,'2016-01-27'),(56431,397914,'2016-05-01'),(56431,400280,'2015-01-18'),(56431,400280,'2015-07-12'),(56431,400280,'2015-07-19'),(56431,431022,'2015-04-26'),(56431,431022,'2015-05-28'),(56431,431022,'2016-03-07'),(56431,443798,'2015-05-13'),(56431,443798,'2015-08-08'),(56431,443798,'2015-09-15'),(56431,443798,'2015-11-17'),(56431,443798,'2016-03-13'),(56431,447449,'2015-08-06'),(56431,452037,'2015-06-25'),(56431,452037,'2015-07-25'),(56431,452037,'2015-11-11'),(56431,452037,'2016-01-07'),(56431,458339,'2016-03-05'),(56431,458339,'2016-03-19'),(56431,492482,'2016-02-07'),(56431,492482,'2016-04-30'),(56431,502618,'2015-04-17'),(56431,502618,'2016-01-12'),(56431,502618,'2016-02-17'),(56431,503287,'2016-02-01'),(56431,512548,'2015-04-16'),(56431,512750,'2015-07-14'),(56431,512993,'2015-06-21'),(56431,515509,'2015-07-15'),(56431,515509,'2016-04-24'),(56431,520974,'2015-10-23'),(56431,536687,'2015-05-19'),(56431,536687,'2015-12-02'),(56431,536687,'2015-12-28'),(56431,562259,'2015-01-30'),(56431,574947,'2015-03-22'),(56431,574947,'2015-04-27'),(56431,574947,'2016-03-23'),(56431,575256,'2015-11-18'),(56431,582919,'2015-10-21'),(56431,584115,'2015-05-07'),(56431,584115,'2015-10-31'),(56431,586631,'2015-06-02'),(56431,586631,'2015-06-07'),(56431,586631,'2015-07-03'),(56431,586631,'2015-07-18'),(56431,595557,'2015-03-12'),(56431,595557,'2015-07-11'),(56431,595557,'2015-08-04'),(56431,603160,'2016-02-22'),(56431,605772,'2015-03-24'),(56431,607001,'2015-03-10'),(56431,607329,'2016-05-14'),(56431,618129,'2015-01-20'),(56431,624978,'2015-11-29'),(56431,627651,'2015-02-25'),(56431,627651,'2016-03-08'),(56431,628623,'2015-10-13'),(56431,628623,'2016-01-14'),(56431,649127,'2015-05-02'),(56431,649127,'2015-09-07'),(56431,663493,'2015-07-05'),(56431,663493,'2016-01-10'),(56431,663493,'2016-02-14'),(56431,665323,'2015-09-13'),(56431,668453,'2015-05-26'),(56431,668453,'2015-08-17'),(56431,668453,'2015-12-19'),(56431,671034,'2015-02-11'),(56431,671034,'2015-04-27'),(56431,671034,'2015-12-14'),(56431,682930,'2015-06-25'),(56431,682930,'2015-09-22'),(56431,682930,'2016-05-04'),(56431,695630,'2016-01-21'),(56431,708150,'2015-04-11'),(56431,708150,'2015-11-12'),(56431,712161,'2015-05-14'),(56431,712161,'2015-08-10'),(56431,712161,'2015-12-21'),(56431,712978,'2015-12-07'),(56431,712978,'2016-03-07'),(56431,715753,'2015-02-24'),(56431,718457,'2016-01-16'),(56431,722152,'2015-02-06'),(56431,722152,'2015-05-26'),(56431,736290,'2015-01-09'),(56431,736290,'2015-01-14'),(56431,736290,'2016-03-21'),(56431,758944,'2015-04-22'),(56431,758944,'2015-05-11'),(56431,793498,'2015-06-23'),(56431,793498,'2016-04-03'),(56431,812022,'2015-01-25'),(56431,812022,'2015-05-30'),(56431,812022,'2015-06-28'),(56431,820876,'2015-03-16'),(56431,854794,'2015-01-26'),(56431,854794,'2015-12-02'),(56431,854794,'2016-01-25'),(56431,854794,'2016-02-01'),(56431,854794,'2016-04-17'),(56431,860914,'2015-03-18'),(56431,860914,'2015-04-29'),(56431,867888,'2015-03-23'),(56431,867888,'2015-04-22'),(56431,867888,'2015-11-13'),(56431,875102,'2016-05-08'),(56431,875846,'2015-08-27'),(56431,875846,'2015-09-13'),(56431,891194,'2015-04-13'),(56431,904133,'2015-09-18'),(56431,904133,'2016-04-10'),(56431,909237,'2015-04-02'),(56431,909237,'2015-06-07'),(56431,922633,'2015-09-16'),(56431,922633,'2016-05-09'),(56431,930227,'2015-08-30'),(56431,930227,'2016-03-03'),(56431,930227,'2016-03-08'),(56431,948670,'2015-01-19'),(56431,948670,'2015-01-28'),(56431,948670,'2015-03-18'),(56431,948670,'2015-07-05'),(56431,948670,'2016-01-12'),(56431,948670,'2016-04-05'),(56431,948758,'2015-12-10'),(56431,948758,'2015-12-29'),(56431,957572,'2015-01-30'),(56431,957572,'2015-02-25'),(56431,957572,'2015-12-02'),(56431,960873,'2015-11-23'),(56431,961806,'2016-01-12'),(56431,961806,'2016-04-10'),(56431,961806,'2016-05-03'),(56431,984020,'2015-03-10'),(56431,984020,'2015-06-01'),(56431,991891,'2015-08-25'),(56431,991891,'2015-10-17'),(56431,991891,'2015-11-11'),(56431,991891,'2016-04-07'),(56431,991891,'2016-04-23'),(66294,102007,'2015-02-11'),(66294,102007,'2015-07-06'),(66294,125352,'2015-01-19'),(66294,125352,'2015-09-18'),(66294,139650,'2015-01-01'),(66294,139650,'2015-12-01'),(66294,146021,'2015-06-25'),(66294,146021,'2015-07-01'),(66294,151124,'2015-11-17'),(66294,157073,'2015-01-07'),(66294,196639,'2015-06-28'),(66294,196639,'2015-11-09'),(66294,201173,'2015-09-21'),(66294,201173,'2016-01-14'),(66294,201183,'2015-03-08'),(66294,203791,'2015-01-26'),(66294,203791,'2015-02-12'),(66294,217817,'2015-05-08'),(66294,227581,'2016-01-11'),(66294,251806,'2015-09-27'),(66294,251806,'2016-02-20'),(66294,259259,'2015-02-20'),(66294,259812,'2015-10-30'),(66294,259812,'2015-11-24'),(66294,259812,'2016-04-27'),(66294,266171,'2015-02-15'),(66294,269958,'2015-05-05'),(66294,269958,'2016-02-13'),(66294,269958,'2016-03-03'),(66294,269958,'2016-03-04'),(66294,272055,'2015-01-04'),(66294,272055,'2015-08-27'),(66294,273195,'2015-02-04'),(66294,273195,'2015-04-26'),(66294,282999,'2015-10-08'),(66294,282999,'2015-11-19'),(66294,302467,'2015-06-11'),(66294,320599,'2015-03-24'),(66294,320599,'2015-04-10'),(66294,320599,'2015-12-26'),(66294,320599,'2016-04-06'),(66294,320599,'2016-05-03'),(66294,327185,'2015-05-11'),(66294,327185,'2015-12-16'),(66294,339359,'2015-05-01'),(66294,339359,'2015-06-08'),(66294,339359,'2015-08-07'),(66294,339359,'2016-01-16'),(66294,391186,'2015-01-05'),(66294,391186,'2015-12-31'),(66294,391186,'2016-03-25'),(66294,397914,'2015-05-15'),(66294,400280,'2016-02-06'),(66294,431022,'2015-01-15'),(66294,431022,'2015-02-15'),(66294,431022,'2015-11-23'),(66294,443798,'2015-07-29'),(66294,447449,'2015-01-07'),(66294,447449,'2016-03-21'),(66294,452037,'2015-07-26'),(66294,458339,'2015-06-02'),(66294,458339,'2015-11-29'),(66294,458339,'2016-01-13'),(66294,492482,'2015-05-03'),(66294,492482,'2015-11-04'),(66294,502618,'2015-07-02'),(66294,502618,'2015-08-19'),(66294,503287,'2015-01-18'),(66294,503287,'2015-01-19'),(66294,503287,'2015-05-29'),(66294,503287,'2015-06-15'),(66294,503287,'2015-08-12'),(66294,512548,'2015-11-27'),(66294,512548,'2015-12-06'),(66294,512750,'2015-12-14'),(66294,512750,'2016-05-14'),(66294,512993,'2015-06-08'),(66294,512993,'2015-06-30'),(66294,512993,'2016-01-15'),(66294,512993,'2016-01-18'),(66294,515509,'2015-01-29'),(66294,515509,'2015-04-09'),(66294,515509,'2015-07-24'),(66294,515509,'2015-08-30'),(66294,515509,'2016-03-19'),(66294,520974,'2015-08-02'),(66294,520974,'2015-09-03'),(66294,520974,'2015-10-25'),(66294,536687,'2016-03-08'),(66294,536687,'2016-04-30'),(66294,562259,'2015-07-03'),(66294,574947,'2015-04-19'),(66294,574947,'2015-06-03'),(66294,574947,'2015-12-07'),(66294,575256,'2016-02-26'),(66294,582919,'2015-06-07'),(66294,582919,'2015-09-25'),(66294,582919,'2015-12-20'),(66294,584115,'2015-09-22'),(66294,584115,'2016-02-07'),(66294,586631,'2016-03-31'),(66294,603160,'2015-02-16'),(66294,603160,'2015-07-02'),(66294,603160,'2015-08-13'),(66294,603160,'2015-08-24'),(66294,605772,'2015-07-24'),(66294,605772,'2016-01-14'),(66294,605772,'2016-02-08'),(66294,607001,'2015-06-23'),(66294,607001,'2015-06-26'),(66294,607329,'2015-11-24'),(66294,607329,'2016-03-22'),(66294,618129,'2015-01-01'),(66294,618129,'2015-02-16'),(66294,624978,'2016-04-29'),(66294,624978,'2016-05-12'),(66294,627651,'2015-04-03'),(66294,627651,'2015-06-15'),(66294,627651,'2015-10-01'),(66294,649127,'2015-02-19'),(66294,663493,'2015-02-07'),(66294,665323,'2015-01-31'),(66294,665323,'2016-01-16'),(66294,671034,'2015-03-07'),(66294,671034,'2015-06-10'),(66294,679657,'2015-08-05'),(66294,679657,'2015-09-18'),(66294,679657,'2015-11-07'),(66294,679657,'2016-03-24'),(66294,695630,'2015-07-21'),(66294,695630,'2015-08-31'),(66294,695630,'2016-04-17'),(66294,712161,'2016-01-08'),(66294,712161,'2016-04-21'),(66294,712161,'2016-04-29'),(66294,712653,'2015-03-05'),(66294,712653,'2015-03-16'),(66294,712653,'2015-04-16'),(66294,712653,'2015-07-29'),(66294,712653,'2015-12-11'),(66294,712978,'2015-03-13'),(66294,712978,'2015-12-18'),(66294,712978,'2016-05-12'),(66294,715753,'2015-04-10'),(66294,715753,'2015-08-22'),(66294,715753,'2015-11-27'),(66294,718457,'2015-05-20'),(66294,722152,'2015-03-28'),(66294,722152,'2015-05-26'),(66294,736290,'2015-10-25'),(66294,758944,'2015-08-14'),(66294,793498,'2015-07-14'),(66294,812022,'2015-01-05'),(66294,812022,'2016-03-12'),(66294,820876,'2015-06-07'),(66294,820876,'2016-04-20'),(66294,854794,'2015-04-12'),(66294,854794,'2015-11-25'),(66294,860914,'2016-01-21'),(66294,867888,'2015-04-14'),(66294,875102,'2015-03-24'),(66294,875102,'2015-05-30'),(66294,875846,'2015-07-26'),(66294,891194,'2015-11-20'),(66294,904133,'2015-04-03'),(66294,904133,'2015-11-15'),(66294,904133,'2015-12-25'),(66294,904133,'2016-02-16'),(66294,904133,'2016-04-17'),(66294,909237,'2015-05-05'),(66294,909237,'2015-05-27'),(66294,909237,'2016-04-23'),(66294,915533,'2015-06-12'),(66294,930227,'2015-02-14'),(66294,948670,'2015-02-13'),(66294,948758,'2015-11-08'),(66294,948758,'2016-03-11'),(66294,960873,'2015-08-20'),(66294,961806,'2015-02-13'),(66294,961806,'2015-06-10'),(66294,961806,'2015-06-14'),(66294,961806,'2015-07-19'),(66294,961806,'2016-04-01'),(66294,984020,'2015-01-18'),(66294,991891,'2015-01-31'),(66294,991891,'2015-03-23'),(66294,991891,'2015-07-23'),(66294,991891,'2015-08-24'),(69595,102007,'2015-01-29'),(69595,102007,'2015-03-16'),(69595,127299,'2015-01-26'),(69595,127299,'2015-02-11'),(69595,127299,'2016-01-13'),(69595,139650,'2015-05-16'),(69595,139650,'2015-07-24'),(69595,139650,'2016-01-06'),(69595,139650,'2016-02-09'),(69595,146021,'2015-04-29'),(69595,146021,'2015-11-05'),(69595,151124,'2015-02-14'),(69595,151124,'2015-04-20'),(69595,151124,'2015-06-27'),(69595,151124,'2015-07-04'),(69595,151124,'2015-08-14'),(69595,151124,'2015-09-10'),(69595,157073,'2015-06-23'),(69595,157073,'2015-06-25'),(69595,157073,'2016-02-03'),(69595,196639,'2016-04-28'),(69595,201183,'2016-04-05'),(69595,203791,'2015-06-30'),(69595,203791,'2016-03-07'),(69595,217817,'2016-02-19'),(69595,251806,'2015-04-14'),(69595,254014,'2016-02-03'),(69595,254014,'2016-05-06'),(69595,259259,'2016-03-09'),(69595,259812,'2015-05-31'),(69595,259812,'2015-08-16'),(69595,259812,'2015-10-21'),(69595,259812,'2016-02-01'),(69595,259812,'2016-03-31'),(69595,266171,'2015-11-27'),(69595,266171,'2016-02-23'),(69595,272055,'2016-03-31'),(69595,272055,'2016-04-15'),(69595,273195,'2016-04-14'),(69595,282999,'2015-08-05'),(69595,282999,'2016-02-06'),(69595,282999,'2016-03-19'),(69595,302467,'2015-04-10'),(69595,302467,'2016-01-16'),(69595,320599,'2016-01-28'),(69595,327185,'2015-03-18'),(69595,339359,'2015-03-16'),(69595,339359,'2015-04-20'),(69595,339359,'2015-04-22'),(69595,339359,'2015-06-07'),(69595,339359,'2015-07-13'),(69595,360428,'2015-10-09'),(69595,376527,'2015-01-17'),(69595,376527,'2015-01-27'),(69595,376527,'2015-04-16'),(69595,391186,'2015-06-08'),(69595,391186,'2015-08-04'),(69595,391186,'2015-11-30'),(69595,397914,'2015-09-14'),(69595,397914,'2015-10-14'),(69595,397914,'2016-03-19'),(69595,400280,'2015-01-07'),(69595,431022,'2015-09-30'),(69595,443798,'2015-08-10'),(69595,443798,'2016-02-16'),(69595,447449,'2015-12-01'),(69595,452037,'2016-01-22'),(69595,492482,'2016-02-20'),(69595,492482,'2016-03-18'),(69595,502618,'2015-06-07'),(69595,502618,'2016-02-08'),(69595,503287,'2016-01-24'),(69595,515509,'2015-04-21'),(69595,515509,'2015-11-21'),(69595,515509,'2016-01-19'),(69595,562259,'2015-04-20'),(69595,562259,'2015-04-21'),(69595,562259,'2015-06-03'),(69595,562259,'2015-06-30'),(69595,562259,'2015-07-27'),(69595,574947,'2015-04-25'),(69595,574947,'2015-07-24'),(69595,575256,'2015-11-29'),(69595,577290,'2015-04-30'),(69595,577290,'2015-12-29'),(69595,577290,'2016-03-09'),(69595,582919,'2015-05-27'),(69595,584115,'2015-02-05'),(69595,584115,'2015-12-29'),(69595,584115,'2016-02-29'),(69595,586631,'2015-05-21'),(69595,586631,'2015-08-10'),(69595,595557,'2015-02-09'),(69595,595557,'2015-10-31'),(69595,603160,'2015-06-22'),(69595,603160,'2015-07-15'),(69595,603160,'2015-07-29'),(69595,603160,'2015-11-20'),(69595,605772,'2015-04-24'),(69595,605772,'2015-11-09'),(69595,607329,'2015-01-09'),(69595,607329,'2015-02-23'),(69595,607329,'2015-03-26'),(69595,607329,'2015-10-21'),(69595,618129,'2015-06-28'),(69595,618129,'2016-03-19'),(69595,618129,'2016-04-16'),(69595,618129,'2016-04-25'),(69595,624978,'2015-01-26'),(69595,624978,'2015-02-14'),(69595,624978,'2015-03-31'),(69595,627651,'2015-04-03'),(69595,628623,'2015-10-26'),(69595,628623,'2015-12-28'),(69595,649127,'2015-11-30'),(69595,663493,'2015-08-16'),(69595,663493,'2015-09-15'),(69595,665323,'2015-01-29'),(69595,665323,'2015-02-08'),(69595,665323,'2015-07-20'),(69595,665323,'2015-09-01'),(69595,665323,'2015-10-08'),(69595,665323,'2016-01-17'),(69595,668453,'2015-09-12'),(69595,671034,'2015-07-15'),(69595,679657,'2016-04-14'),(69595,682930,'2015-05-27'),(69595,682930,'2015-12-15'),(69595,695630,'2015-03-07'),(69595,695630,'2015-07-23'),(69595,695630,'2016-01-22'),(69595,695630,'2016-02-29'),(69595,708150,'2015-05-14'),(69595,708150,'2015-06-08'),(69595,708150,'2015-09-10'),(69595,708150,'2015-12-14'),(69595,708150,'2016-02-16'),(69595,712161,'2015-01-28'),(69595,712161,'2015-05-18'),(69595,712161,'2015-08-29'),(69595,712161,'2015-09-14'),(69595,712161,'2016-03-07'),(69595,712653,'2015-05-19'),(69595,712653,'2016-02-29'),(69595,715753,'2015-06-13'),(69595,722152,'2015-08-13'),(69595,722152,'2016-03-20'),(69595,736290,'2016-04-30'),(69595,758944,'2015-08-18'),(69595,758944,'2016-03-01'),(69595,758944,'2016-05-13'),(69595,793498,'2015-03-11'),(69595,793498,'2015-07-30'),(69595,793498,'2016-04-26'),(69595,812022,'2015-04-18'),(69595,812022,'2015-10-15'),(69595,820876,'2015-01-27'),(69595,820876,'2015-04-17'),(69595,820876,'2015-05-26'),(69595,820876,'2015-10-11'),(69595,854794,'2015-04-29'),(69595,854794,'2015-09-16'),(69595,854794,'2016-04-26'),(69595,860914,'2016-04-15'),(69595,867888,'2015-05-02'),(69595,867888,'2015-06-20'),(69595,867888,'2015-08-26'),(69595,867888,'2015-10-24'),(69595,867888,'2016-02-07'),(69595,875846,'2015-03-10'),(69595,875846,'2015-06-17'),(69595,880813,'2015-03-08'),(69595,880813,'2015-04-27'),(69595,880813,'2015-05-30'),(69595,880813,'2015-12-16'),(69595,880813,'2016-01-31'),(69595,880813,'2016-04-01'),(69595,891194,'2015-07-14'),(69595,891194,'2016-04-16'),(69595,909237,'2015-05-16'),(69595,909237,'2016-01-24'),(69595,909237,'2016-03-12'),(69595,909237,'2016-03-28'),(69595,915533,'2015-05-11'),(69595,915533,'2016-01-03'),(69595,915533,'2016-02-22'),(69595,915533,'2016-02-26'),(69595,922633,'2015-06-26'),(69595,922633,'2015-10-26'),(69595,922633,'2015-12-01'),(69595,922633,'2016-04-30'),(69595,930227,'2015-02-19'),(69595,930227,'2015-06-04'),(69595,948758,'2015-01-25'),(69595,948758,'2015-12-08'),(69595,948758,'2016-05-05'),(69595,957572,'2015-02-07'),(69595,957572,'2016-04-28'),(69595,960873,'2015-02-15'),(69595,960873,'2015-04-05'),(69595,960873,'2015-12-01'),(69595,991891,'2015-04-24'),(69595,991891,'2015-11-12'),(71170,125352,'2016-01-26'),(71170,127299,'2015-10-28'),(71170,146021,'2015-08-26'),(71170,146021,'2015-10-15'),(71170,146021,'2015-12-19'),(71170,146021,'2016-01-09'),(71170,146021,'2016-03-23'),(71170,146021,'2016-05-02'),(71170,151124,'2015-01-16'),(71170,151124,'2015-04-11'),(71170,151124,'2015-10-18'),(71170,151124,'2015-11-02'),(71170,157073,'2015-08-27'),(71170,157073,'2015-10-08'),(71170,157073,'2016-03-22'),(71170,196639,'2016-04-17'),(71170,201173,'2015-04-22'),(71170,201173,'2015-11-19'),(71170,201173,'2016-04-10'),(71170,201183,'2015-02-08'),(71170,201183,'2015-03-06'),(71170,201183,'2016-05-01'),(71170,201183,'2016-05-14'),(71170,203791,'2015-06-06'),(71170,203791,'2015-08-15'),(71170,217817,'2015-01-06'),(71170,217817,'2015-08-08'),(71170,217817,'2015-08-13'),(71170,217817,'2015-10-02'),(71170,217817,'2016-02-11'),(71170,227581,'2015-02-09'),(71170,227581,'2016-03-20'),(71170,251806,'2016-03-15'),(71170,251806,'2016-03-16'),(71170,254014,'2015-08-07'),(71170,254014,'2016-02-08'),(71170,259259,'2015-01-21'),(71170,259259,'2015-06-02'),(71170,259259,'2015-06-30'),(71170,259259,'2015-07-02'),(71170,259812,'2015-02-26'),(71170,266171,'2015-01-08'),(71170,266171,'2015-10-29'),(71170,266171,'2015-10-30'),(71170,266171,'2016-04-14'),(71170,269958,'2015-06-01'),(71170,272055,'2015-07-19'),(71170,272055,'2015-08-29'),(71170,273195,'2015-05-14'),(71170,273195,'2015-08-06'),(71170,282999,'2015-08-07'),(71170,282999,'2015-09-08'),(71170,302467,'2015-08-31'),(71170,320599,'2016-04-29'),(71170,327185,'2015-04-14'),(71170,327185,'2016-02-25'),(71170,327185,'2016-02-28'),(71170,327185,'2016-04-02'),(71170,327185,'2016-04-18'),(71170,339359,'2015-05-16'),(71170,339359,'2015-07-06'),(71170,360428,'2015-10-02'),(71170,376527,'2015-08-22'),(71170,376527,'2015-09-17'),(71170,376527,'2016-02-25'),(71170,376527,'2016-03-16'),(71170,391186,'2015-07-16'),(71170,397914,'2015-04-12'),(71170,400280,'2016-01-05'),(71170,400280,'2016-01-22'),(71170,431022,'2015-03-12'),(71170,431022,'2015-12-11'),(71170,443798,'2015-02-06'),(71170,443798,'2015-03-14'),(71170,443798,'2016-03-24'),(71170,443798,'2016-04-05'),(71170,447449,'2015-04-07'),(71170,447449,'2015-06-29'),(71170,447449,'2015-08-28'),(71170,447449,'2016-02-16'),(71170,452037,'2015-11-07'),(71170,452037,'2016-02-15'),(71170,458339,'2015-12-02'),(71170,458339,'2015-12-12'),(71170,492482,'2015-06-06'),(71170,492482,'2015-07-08'),(71170,492482,'2015-07-13'),(71170,492482,'2015-11-04'),(71170,492482,'2016-02-15'),(71170,502618,'2015-04-04'),(71170,502618,'2015-04-09'),(71170,502618,'2015-09-13'),(71170,502618,'2015-12-07'),(71170,502618,'2016-02-15'),(71170,503287,'2015-12-16'),(71170,503287,'2016-02-23'),(71170,503287,'2016-05-03'),(71170,512548,'2015-06-26'),(71170,512548,'2015-07-20'),(71170,512548,'2015-08-05'),(71170,512548,'2016-01-14'),(71170,512548,'2016-01-18'),(71170,512548,'2016-05-13'),(71170,512750,'2015-02-16'),(71170,512750,'2016-05-04'),(71170,512993,'2015-01-17'),(71170,512993,'2015-02-22'),(71170,512993,'2015-03-24'),(71170,512993,'2015-04-24'),(71170,515509,'2015-01-22'),(71170,515509,'2015-09-07'),(71170,515509,'2015-10-13'),(71170,515509,'2016-02-14'),(71170,515509,'2016-03-26'),(71170,536687,'2015-02-16'),(71170,562259,'2015-02-20'),(71170,574947,'2016-01-31'),(71170,575256,'2015-08-29'),(71170,575256,'2016-02-06'),(71170,577290,'2015-06-15'),(71170,582919,'2016-04-09'),(71170,584115,'2015-10-01'),(71170,584115,'2015-12-06'),(71170,586631,'2015-10-12'),(71170,586631,'2015-11-17'),(71170,586631,'2016-04-25'),(71170,595557,'2016-01-17'),(71170,603160,'2015-06-27'),(71170,603160,'2015-08-11'),(71170,605772,'2015-04-26'),(71170,605772,'2015-11-02'),(71170,605772,'2015-11-22'),(71170,607001,'2015-06-17'),(71170,607001,'2015-07-10'),(71170,607329,'2015-11-08'),(71170,607329,'2015-12-10'),(71170,624978,'2015-06-15'),(71170,624978,'2015-11-17'),(71170,624978,'2016-01-10'),(71170,624978,'2016-02-06'),(71170,627651,'2015-09-14'),(71170,627651,'2015-11-20'),(71170,628623,'2015-10-25'),(71170,663493,'2015-02-27'),(71170,665323,'2015-10-18'),(71170,668453,'2015-01-18'),(71170,668453,'2015-01-21'),(71170,668453,'2015-12-06'),(71170,679657,'2015-10-08'),(71170,682930,'2016-02-02'),(71170,682930,'2016-02-29'),(71170,695630,'2015-03-31'),(71170,695630,'2015-12-10'),(71170,695630,'2016-04-20'),(71170,708150,'2015-01-29'),(71170,708150,'2015-06-02'),(71170,708150,'2015-10-26'),(71170,712653,'2015-02-26'),(71170,712653,'2015-12-23'),(71170,712978,'2015-03-14'),(71170,712978,'2015-07-02'),(71170,712978,'2016-01-10'),(71170,712978,'2016-01-15'),(71170,715753,'2015-04-10'),(71170,715753,'2015-08-25'),(71170,715753,'2015-11-06'),(71170,715753,'2016-03-01'),(71170,718457,'2015-03-04'),(71170,718457,'2015-09-30'),(71170,722152,'2015-02-21'),(71170,722152,'2016-01-24'),(71170,736290,'2015-04-20'),(71170,736290,'2015-08-02'),(71170,758944,'2016-03-23'),(71170,793498,'2015-03-16'),(71170,793498,'2016-05-09'),(71170,812022,'2015-06-02'),(71170,812022,'2016-02-02'),(71170,812022,'2016-02-05'),(71170,812022,'2016-04-27'),(71170,854794,'2015-02-01'),(71170,854794,'2015-02-16'),(71170,854794,'2015-09-22'),(71170,854794,'2015-11-02'),(71170,854794,'2016-04-08'),(71170,860914,'2015-06-05'),(71170,860914,'2015-07-21'),(71170,860914,'2015-12-20'),(71170,867888,'2015-02-06'),(71170,875102,'2015-03-12'),(71170,875102,'2015-11-21'),(71170,875102,'2015-11-30'),(71170,875846,'2015-07-06'),(71170,880813,'2015-06-21'),(71170,891194,'2015-06-04'),(71170,891194,'2016-02-21'),(71170,891194,'2016-04-13'),(71170,904133,'2015-01-05'),(71170,904133,'2016-04-21'),(71170,909237,'2015-01-26'),(71170,909237,'2016-04-16'),(71170,915533,'2016-04-09'),(71170,922633,'2015-02-14'),(71170,922633,'2015-05-15'),(71170,930227,'2015-10-25'),(71170,930227,'2016-01-22'),(71170,930227,'2016-03-30'),(71170,948670,'2015-12-10'),(71170,948758,'2015-08-19'),(71170,957572,'2015-09-26'),(71170,957572,'2016-03-28'),(71170,960873,'2015-07-25'),(71170,960873,'2015-10-07'),(71170,961806,'2015-09-07'),(71170,984020,'2015-01-24'),(71170,984020,'2015-08-15'),(71170,984020,'2015-10-17'),(71170,991891,'2015-11-26'),(71170,991891,'2016-04-20'),(74264,102007,'2016-05-01'),(74264,125352,'2015-01-11'),(74264,125352,'2015-06-04'),(74264,127299,'2015-02-20'),(74264,127299,'2015-06-02'),(74264,127299,'2015-06-17'),(74264,127299,'2015-08-12'),(74264,127299,'2016-02-07'),(74264,127299,'2016-03-19'),(74264,139650,'2015-06-04'),(74264,139650,'2016-04-19'),(74264,139650,'2016-04-22'),(74264,146021,'2015-08-26'),(74264,151124,'2015-06-13'),(74264,151124,'2015-12-31'),(74264,151124,'2016-01-22'),(74264,157073,'2016-01-29'),(74264,196639,'2016-04-01'),(74264,201183,'2015-08-27'),(74264,201183,'2016-02-20'),(74264,217817,'2015-07-30'),(74264,217817,'2015-08-01'),(74264,217817,'2015-08-25'),(74264,217817,'2015-10-27'),(74264,217817,'2015-12-08'),(74264,227581,'2015-12-05'),(74264,251806,'2015-08-21'),(74264,254014,'2015-04-15'),(74264,254014,'2015-05-10'),(74264,259259,'2015-11-25'),(74264,259259,'2016-03-03'),(74264,259259,'2016-03-17'),(74264,259259,'2016-05-11'),(74264,259812,'2015-01-04'),(74264,266171,'2015-05-17'),(74264,272055,'2015-12-28'),(74264,272055,'2016-04-29'),(74264,282999,'2015-05-09'),(74264,282999,'2015-05-28'),(74264,302467,'2015-05-05'),(74264,327185,'2015-02-05'),(74264,327185,'2015-05-03'),(74264,327185,'2015-06-11'),(74264,339359,'2016-03-15'),(74264,339359,'2016-03-25'),(74264,360428,'2015-11-07'),(74264,360428,'2015-12-22'),(74264,360428,'2016-02-05'),(74264,376527,'2015-01-12'),(74264,376527,'2015-01-15'),(74264,376527,'2015-04-02'),(74264,376527,'2016-02-23'),(74264,391186,'2015-05-25'),(74264,397914,'2015-05-11'),(74264,397914,'2015-12-29'),(74264,400280,'2015-09-23'),(74264,400280,'2015-10-12'),(74264,400280,'2016-02-08'),(74264,431022,'2015-02-08'),(74264,443798,'2016-02-05'),(74264,443798,'2016-04-17'),(74264,447449,'2015-05-21'),(74264,452037,'2015-07-17'),(74264,452037,'2015-09-03'),(74264,458339,'2016-03-13'),(74264,492482,'2015-10-28'),(74264,502618,'2015-01-25'),(74264,502618,'2015-02-21'),(74264,502618,'2016-01-22'),(74264,502618,'2016-03-07'),(74264,502618,'2016-04-23'),(74264,503287,'2015-10-06'),(74264,512548,'2015-11-20'),(74264,512548,'2016-04-24'),(74264,512750,'2015-04-10'),(74264,512993,'2015-04-18'),(74264,512993,'2015-11-30'),(74264,515509,'2015-01-25'),(74264,520974,'2015-09-05'),(74264,520974,'2015-12-21'),(74264,536687,'2015-05-21'),(74264,536687,'2016-01-16'),(74264,536687,'2016-03-13'),(74264,562259,'2015-05-09'),(74264,562259,'2016-03-17'),(74264,574947,'2015-09-14'),(74264,575256,'2015-01-26'),(74264,575256,'2015-08-14'),(74264,582919,'2015-10-02'),(74264,582919,'2015-10-09'),(74264,584115,'2015-11-14'),(74264,584115,'2016-01-28'),(74264,586631,'2015-03-27'),(74264,586631,'2015-05-06'),(74264,586631,'2015-10-01'),(74264,595557,'2015-01-10'),(74264,595557,'2015-06-03'),(74264,595557,'2015-07-09'),(74264,603160,'2015-11-25'),(74264,603160,'2016-01-06'),(74264,603160,'2016-04-17'),(74264,605772,'2015-02-24'),(74264,605772,'2015-03-28'),(74264,605772,'2015-11-01'),(74264,605772,'2016-03-08'),(74264,607001,'2015-07-12'),(74264,607001,'2016-03-02'),(74264,607329,'2016-02-03'),(74264,618129,'2015-10-28'),(74264,624978,'2015-04-11'),(74264,627651,'2015-04-26'),(74264,627651,'2016-02-28'),(74264,628623,'2015-08-26'),(74264,628623,'2015-12-05'),(74264,649127,'2016-01-15'),(74264,649127,'2016-02-16'),(74264,649127,'2016-03-10'),(74264,665323,'2015-12-15'),(74264,665323,'2016-03-19'),(74264,665323,'2016-03-21'),(74264,665323,'2016-05-01'),(74264,668453,'2015-01-09'),(74264,668453,'2016-02-16'),(74264,679657,'2015-05-02'),(74264,682930,'2015-09-16'),(74264,682930,'2015-12-05'),(74264,682930,'2016-04-29'),(74264,708150,'2016-02-22'),(74264,712161,'2015-03-09'),(74264,712653,'2015-01-07'),(74264,712653,'2015-02-25'),(74264,712653,'2015-11-16'),(74264,712653,'2016-02-23'),(74264,712978,'2015-04-29'),(74264,712978,'2015-09-30'),(74264,715753,'2015-10-19'),(74264,715753,'2015-12-20'),(74264,722152,'2015-01-24'),(74264,722152,'2015-07-10'),(74264,722152,'2016-02-06'),(74264,758944,'2015-05-11'),(74264,758944,'2015-11-01'),(74264,758944,'2015-11-16'),(74264,793498,'2015-06-18'),(74264,793498,'2015-07-01'),(74264,820876,'2015-07-12'),(74264,820876,'2015-10-23'),(74264,820876,'2015-11-28'),(74264,854794,'2015-05-02'),(74264,860914,'2015-05-12'),(74264,867888,'2015-07-15'),(74264,867888,'2015-08-08'),(74264,875102,'2015-01-23'),(74264,875102,'2015-10-11'),(74264,875102,'2015-11-17'),(74264,875846,'2015-01-11'),(74264,880813,'2015-02-25'),(74264,880813,'2015-06-02'),(74264,880813,'2015-10-09'),(74264,891194,'2015-01-25'),(74264,891194,'2015-11-18'),(74264,904133,'2015-10-03'),(74264,909237,'2015-07-20'),(74264,909237,'2015-11-18'),(74264,909237,'2015-12-04'),(74264,915533,'2015-01-01'),(74264,922633,'2015-09-16'),(74264,922633,'2015-10-03'),(74264,922633,'2015-10-11'),(74264,930227,'2015-05-04'),(74264,930227,'2016-01-11'),(74264,948670,'2015-11-08'),(74264,948670,'2015-12-23'),(74264,948758,'2015-07-16'),(74264,948758,'2015-10-12'),(74264,957572,'2015-10-06'),(74264,957572,'2015-10-09'),(74264,960873,'2015-05-18'),(74264,960873,'2015-07-05'),(74264,960873,'2015-08-22'),(74264,960873,'2015-11-18'),(74264,960873,'2015-11-21'),(74264,960873,'2015-12-05'),(74264,960873,'2016-01-07'),(74264,984020,'2015-04-30'),(74264,984020,'2015-06-24'),(74264,984020,'2015-07-30'),(74264,984020,'2015-12-18'),(86619,102007,'2015-07-18'),(86619,102007,'2015-10-25'),(86619,102007,'2016-01-20'),(86619,125352,'2015-02-05'),(86619,125352,'2015-11-21'),(86619,125352,'2016-02-18'),(86619,125352,'2016-02-21'),(86619,125352,'2016-02-23'),(86619,127299,'2015-04-13'),(86619,127299,'2015-05-06'),(86619,127299,'2016-03-24'),(86619,139650,'2016-03-09'),(86619,146021,'2015-06-02'),(86619,146021,'2015-09-21'),(86619,151124,'2015-07-26'),(86619,151124,'2015-07-28'),(86619,151124,'2016-03-04'),(86619,157073,'2015-12-29'),(86619,157073,'2016-01-29'),(86619,196639,'2015-05-11'),(86619,201173,'2015-04-14'),(86619,201173,'2016-03-30'),(86619,201183,'2015-06-21'),(86619,201183,'2016-01-03'),(86619,201183,'2016-01-12'),(86619,201183,'2016-03-02'),(86619,203791,'2015-02-08'),(86619,203791,'2015-06-10'),(86619,203791,'2015-12-21'),(86619,203791,'2015-12-27'),(86619,203791,'2016-03-12'),(86619,217817,'2015-08-04'),(86619,217817,'2016-01-21'),(86619,227581,'2016-05-03'),(86619,251806,'2015-02-03'),(86619,251806,'2015-03-29'),(86619,251806,'2015-06-20'),(86619,251806,'2015-07-03'),(86619,251806,'2015-08-08'),(86619,251806,'2015-11-28'),(86619,254014,'2015-04-01'),(86619,254014,'2015-04-08'),(86619,254014,'2015-10-03'),(86619,259259,'2016-03-23'),(86619,259812,'2015-03-07'),(86619,259812,'2016-02-20'),(86619,266171,'2015-01-08'),(86619,266171,'2015-10-07'),(86619,269958,'2015-03-11'),(86619,269958,'2015-07-18'),(86619,269958,'2015-08-22'),(86619,269958,'2016-02-08'),(86619,273195,'2015-04-24'),(86619,282999,'2015-08-22'),(86619,282999,'2015-12-26'),(86619,302467,'2016-03-21'),(86619,327185,'2015-09-11'),(86619,339359,'2015-06-27'),(86619,360428,'2015-03-18'),(86619,391186,'2015-02-10'),(86619,391186,'2015-05-07'),(86619,391186,'2015-05-25'),(86619,391186,'2015-08-26'),(86619,397914,'2015-04-17'),(86619,397914,'2015-10-03'),(86619,397914,'2015-10-15'),(86619,400280,'2015-10-26'),(86619,431022,'2015-01-11'),(86619,431022,'2015-02-04'),(86619,431022,'2015-09-12'),(86619,443798,'2016-04-06'),(86619,452037,'2015-05-07'),(86619,452037,'2015-12-04'),(86619,452037,'2016-04-09'),(86619,458339,'2015-11-16'),(86619,492482,'2015-02-21'),(86619,492482,'2015-02-24'),(86619,492482,'2015-06-04'),(86619,492482,'2015-12-29'),(86619,502618,'2015-11-23'),(86619,502618,'2016-01-27'),(86619,503287,'2015-08-02'),(86619,503287,'2015-08-14'),(86619,503287,'2016-04-06'),(86619,512548,'2015-08-25'),(86619,512548,'2015-09-01'),(86619,512548,'2015-10-23'),(86619,512548,'2015-11-17'),(86619,512750,'2015-11-12'),(86619,512750,'2016-01-08'),(86619,512750,'2016-03-28'),(86619,512993,'2016-03-26'),(86619,515509,'2015-08-19'),(86619,520974,'2015-06-12'),(86619,520974,'2015-07-11'),(86619,536687,'2015-07-11'),(86619,536687,'2016-01-12'),(86619,562259,'2015-09-26'),(86619,562259,'2015-12-17'),(86619,577290,'2015-04-22'),(86619,582919,'2016-01-17'),(86619,584115,'2016-04-23'),(86619,595557,'2015-02-10'),(86619,595557,'2016-01-14'),(86619,603160,'2015-01-03'),(86619,603160,'2016-03-07'),(86619,605772,'2015-04-30'),(86619,607001,'2015-01-04'),(86619,607001,'2016-04-18'),(86619,607329,'2016-04-30'),(86619,618129,'2015-05-04'),(86619,624978,'2015-05-26'),(86619,627651,'2015-05-04'),(86619,627651,'2015-10-27'),(86619,628623,'2015-05-29'),(86619,628623,'2015-11-20'),(86619,628623,'2016-01-11'),(86619,663493,'2015-05-06'),(86619,663493,'2015-10-04'),(86619,663493,'2016-04-16'),(86619,665323,'2015-04-14'),(86619,665323,'2015-10-21'),(86619,668453,'2015-01-26'),(86619,668453,'2015-05-18'),(86619,668453,'2015-06-20'),(86619,668453,'2015-11-28'),(86619,668453,'2016-03-30'),(86619,671034,'2015-01-26'),(86619,671034,'2015-08-17'),(86619,671034,'2016-02-25'),(86619,679657,'2015-10-16'),(86619,679657,'2015-10-29'),(86619,682930,'2015-12-23'),(86619,695630,'2016-03-26'),(86619,708150,'2015-08-28'),(86619,708150,'2015-11-20'),(86619,712161,'2015-03-19'),(86619,712653,'2015-01-18'),(86619,712653,'2015-05-02'),(86619,712978,'2015-01-18'),(86619,712978,'2015-02-24'),(86619,712978,'2015-05-23'),(86619,712978,'2015-08-11'),(86619,712978,'2015-08-24'),(86619,715753,'2015-04-13'),(86619,715753,'2016-02-17'),(86619,715753,'2016-04-05'),(86619,722152,'2015-04-24'),(86619,722152,'2015-08-17'),(86619,722152,'2015-09-02'),(86619,736290,'2016-05-06'),(86619,736290,'2016-05-09'),(86619,758944,'2015-03-28'),(86619,758944,'2015-06-04'),(86619,758944,'2015-08-16'),(86619,758944,'2016-01-01'),(86619,793498,'2015-04-02'),(86619,793498,'2015-12-04'),(86619,812022,'2016-01-18'),(86619,812022,'2016-03-13'),(86619,812022,'2016-05-13'),(86619,820876,'2015-09-23'),(86619,820876,'2016-04-24'),(86619,854794,'2016-02-11'),(86619,854794,'2016-03-16'),(86619,860914,'2015-10-10'),(86619,860914,'2016-05-05'),(86619,867888,'2016-02-21'),(86619,875102,'2015-03-11'),(86619,875102,'2015-04-10'),(86619,875846,'2015-01-18'),(86619,875846,'2016-02-09'),(86619,875846,'2016-03-20'),(86619,875846,'2016-05-10'),(86619,880813,'2015-11-15'),(86619,880813,'2016-04-11'),(86619,891194,'2016-02-13'),(86619,904133,'2016-03-09'),(86619,904133,'2016-03-31'),(86619,909237,'2015-06-30'),(86619,909237,'2015-08-03'),(86619,915533,'2015-01-08'),(86619,915533,'2015-07-30'),(86619,915533,'2015-12-30'),(86619,915533,'2016-03-08'),(86619,915533,'2016-04-14'),(86619,922633,'2015-03-25'),(86619,922633,'2015-04-07'),(86619,922633,'2015-11-27'),(86619,922633,'2016-02-21'),(86619,922633,'2016-02-26'),(86619,930227,'2015-11-07'),(86619,930227,'2015-12-06'),(86619,948670,'2015-07-16'),(86619,948758,'2015-10-12'),(86619,948758,'2016-04-02'),(86619,957572,'2015-02-27'),(86619,960873,'2015-01-13'),(86619,960873,'2015-05-27'),(86619,960873,'2015-06-09'),(86619,960873,'2015-09-13'),(86619,961806,'2015-04-29'),(86619,961806,'2015-11-30'),(86619,961806,'2016-03-13'),(86619,961806,'2016-03-17'),(86619,961806,'2016-05-11'),(86619,984020,'2015-10-05'),(86619,984020,'2015-11-13'),(99551,125352,'2015-01-12'),(99551,139650,'2015-07-23'),(99551,139650,'2016-04-14'),(99551,146021,'2015-12-30'),(99551,146021,'2016-03-31'),(99551,146021,'2016-04-30'),(99551,151124,'2015-02-25'),(99551,151124,'2015-12-10'),(99551,157073,'2015-01-30'),(99551,157073,'2015-03-27'),(99551,196639,'2015-03-29'),(99551,196639,'2015-12-14'),(99551,201173,'2015-01-11'),(99551,201173,'2015-07-30'),(99551,201183,'2016-02-23'),(99551,201183,'2016-04-06'),(99551,203791,'2016-01-11'),(99551,217817,'2016-04-16'),(99551,227581,'2015-03-22'),(99551,227581,'2016-03-05'),(99551,251806,'2015-12-15'),(99551,254014,'2016-02-01'),(99551,259259,'2015-04-03'),(99551,259259,'2015-06-05'),(99551,259259,'2016-01-03'),(99551,259812,'2015-08-15'),(99551,266171,'2015-01-18'),(99551,266171,'2015-10-16'),(99551,266171,'2015-10-23'),(99551,266171,'2016-05-08'),(99551,269958,'2016-02-06'),(99551,269958,'2016-05-03'),(99551,272055,'2015-02-16'),(99551,273195,'2015-04-19'),(99551,273195,'2015-11-07'),(99551,282999,'2016-03-23'),(99551,302467,'2015-07-14'),(99551,302467,'2016-04-01'),(99551,320599,'2015-06-15'),(99551,320599,'2015-12-05'),(99551,327185,'2016-03-23'),(99551,376527,'2015-08-09'),(99551,376527,'2015-09-15'),(99551,376527,'2016-02-08'),(99551,391186,'2015-04-07'),(99551,397914,'2015-01-09'),(99551,397914,'2015-09-04'),(99551,397914,'2015-11-14'),(99551,397914,'2016-02-29'),(99551,431022,'2015-07-14'),(99551,447449,'2015-06-16'),(99551,447449,'2015-08-18'),(99551,447449,'2016-01-13'),(99551,458339,'2015-07-22'),(99551,503287,'2015-03-11'),(99551,503287,'2015-11-28'),(99551,503287,'2016-03-23'),(99551,512548,'2015-08-10'),(99551,512548,'2015-08-22'),(99551,512548,'2015-12-15'),(99551,512750,'2015-02-23'),(99551,512750,'2015-12-05'),(99551,512750,'2016-02-02'),(99551,512750,'2016-02-03'),(99551,512750,'2016-04-17'),(99551,512993,'2015-12-10'),(99551,512993,'2016-03-19'),(99551,515509,'2015-01-02'),(99551,515509,'2016-05-14'),(99551,536687,'2015-12-13'),(99551,536687,'2016-01-07'),(99551,562259,'2016-02-02'),(99551,574947,'2015-06-08'),(99551,574947,'2016-01-04'),(99551,574947,'2016-02-06'),(99551,575256,'2015-05-08'),(99551,575256,'2016-05-10'),(99551,577290,'2015-01-23'),(99551,577290,'2015-10-30'),(99551,577290,'2016-04-14'),(99551,582919,'2015-02-18'),(99551,582919,'2016-04-03'),(99551,582919,'2016-04-18'),(99551,584115,'2015-03-31'),(99551,584115,'2015-10-24'),(99551,586631,'2015-04-09'),(99551,586631,'2016-01-25'),(99551,595557,'2015-06-11'),(99551,595557,'2015-11-18'),(99551,603160,'2015-05-08'),(99551,607001,'2015-09-19'),(99551,607001,'2016-01-05'),(99551,607329,'2015-02-24'),(99551,618129,'2015-01-20'),(99551,618129,'2015-01-31'),(99551,618129,'2015-12-27'),(99551,624978,'2015-12-12'),(99551,627651,'2015-04-13'),(99551,627651,'2015-07-04'),(99551,628623,'2015-09-09'),(99551,649127,'2015-02-08'),(99551,665323,'2016-02-14'),(99551,668453,'2015-04-30'),(99551,668453,'2016-04-12'),(99551,682930,'2015-04-18'),(99551,682930,'2015-07-01'),(99551,682930,'2015-07-06'),(99551,682930,'2015-09-25'),(99551,695630,'2015-12-21'),(99551,708150,'2015-12-19'),(99551,712161,'2015-04-29'),(99551,712161,'2015-05-15'),(99551,712161,'2016-02-02'),(99551,712978,'2015-03-19'),(99551,712978,'2015-10-02'),(99551,712978,'2015-12-28'),(99551,712978,'2016-01-06'),(99551,718457,'2015-05-12'),(99551,718457,'2015-08-30'),(99551,718457,'2016-04-13'),(99551,718457,'2016-04-17'),(99551,758944,'2015-01-15'),(99551,758944,'2015-09-09'),(99551,758944,'2015-11-24'),(99551,758944,'2016-01-03'),(99551,793498,'2015-01-17'),(99551,793498,'2015-12-04'),(99551,793498,'2016-03-12'),(99551,812022,'2015-06-07'),(99551,812022,'2015-10-14'),(99551,820876,'2015-08-06'),(99551,820876,'2015-08-17'),(99551,820876,'2016-01-13'),(99551,854794,'2015-03-01'),(99551,854794,'2015-09-11'),(99551,854794,'2015-10-27'),(99551,860914,'2015-02-01'),(99551,860914,'2015-06-03'),(99551,860914,'2015-09-08'),(99551,860914,'2016-02-14'),(99551,867888,'2015-05-14'),(99551,867888,'2015-05-21'),(99551,867888,'2016-01-26'),(99551,875102,'2015-01-22'),(99551,875102,'2015-02-17'),(99551,875102,'2016-04-13'),(99551,875102,'2016-04-29'),(99551,875846,'2016-03-20'),(99551,880813,'2015-04-08'),(99551,880813,'2015-09-02'),(99551,880813,'2015-10-10'),(99551,880813,'2015-12-27'),(99551,891194,'2016-01-24'),(99551,909237,'2015-04-13'),(99551,915533,'2016-01-22'),(99551,922633,'2015-05-09'),(99551,948670,'2015-05-08'),(99551,948670,'2015-06-25'),(99551,948758,'2015-12-11'),(99551,957572,'2015-08-01'),(99551,960873,'2015-03-02'),(99551,960873,'2015-12-14'),(99551,961806,'2015-01-14'),(99551,961806,'2015-07-09'),(99551,984020,'2015-05-23');
/*!40000 ALTER TABLE `attendance` ENABLE KEYS */;
UNLOCK TABLES;

--
-- Table structure for table `course_schedule`
--

DROP TABLE IF EXISTS `course_schedule`;
/*!40101 SET @saved_cs_client     = @@character_set_client */;
/*!40101 SET character_set_client = utf8 */;
CREATE TABLE `course_schedule` (
  `course_id` int(11) NOT NULL,
  `occurence_date` date NOT NULL,
  `occurence_time` time DEFAULT NULL,
  `room` varchar(50) DEFAULT NULL,
  PRIMARY KEY (`course_id`,`occurence_date`),
  KEY `idx_course_schedule_0` (`course_id`),
  CONSTRAINT `fk_course_schedule` FOREIGN KEY (`course_id`) REFERENCES `courses` (`course_id`) ON DELETE NO ACTION ON UPDATE NO ACTION
) ENGINE=InnoDB DEFAULT CHARSET=latin1;
/*!40101 SET character_set_client = @saved_cs_client */;

--
-- Dumping data for table `course_schedule`
--

LOCK TABLES `course_schedule` WRITE;
/*!40000 ALTER TABLE `course_schedule` DISABLE KEYS */;
INSERT INTO `course_schedule` VALUES (10986,'2015-03-03','16:57:00','#3f3'),(10986,'2015-05-26','14:09:00','#b82'),(10986,'2015-06-26','09:16:00','#92d'),(10986,'2015-06-29','10:33:00','#020'),(10986,'2015-08-20','09:22:00','#9be'),(10986,'2015-10-07','14:18:00','#739'),(10986,'2016-01-01','14:02:00','#3da'),(10986,'2016-02-08','14:54:00','#8ba'),(10986,'2016-03-08','15:17:00','#1c3'),(10986,'2016-04-03','09:19:00','#888'),(10986,'2016-04-27','11:36:00','#b1f'),(14369,'2015-01-19','16:42:00','#87c'),(14369,'2015-03-19','12:28:00','#ac2'),(14369,'2015-04-08','12:13:00','#8c2'),(14369,'2015-07-10','10:39:00','#41f'),(14369,'2015-07-27','16:08:00','#c6a'),(14369,'2015-08-08','14:57:00','#284'),(14369,'2015-12-04','15:53:00','#321'),(14369,'2015-12-14','16:33:00','#d71'),(14369,'2015-12-16','10:02:00','#c3f'),(14369,'2016-02-05','14:11:00','#561'),(14369,'2016-03-30','15:54:00','#ab3'),(14369,'2016-04-25','11:19:00','#3a4'),(14635,'2015-02-11','12:46:00','#832'),(14635,'2015-04-08','13:34:00','#968'),(14635,'2015-04-21','09:43:00','#925'),(14635,'2015-05-14','09:05:00','#f56'),(14635,'2015-05-22','11:43:00','#ba4'),(14635,'2015-07-25','13:18:00','#662'),(14635,'2015-12-15','16:00:00','#4a3'),(14635,'2015-12-18','14:07:00','#785'),(14635,'2016-01-06','09:13:00','#46d'),(14635,'2016-03-04','13:49:00','#e18'),(14635,'2016-04-19','16:24:00','#d06'),(20396,'2015-03-10','12:10:00','#fd9'),(20396,'2015-03-25','09:40:00','#e32'),(20396,'2015-04-10','09:05:00','#3dd'),(20396,'2015-05-29','09:04:00','#bfe'),(20396,'2015-07-01','09:35:00','#d8e'),(20396,'2015-10-04','11:32:00','#d68'),(20396,'2015-10-31','14:30:00','#f60'),(20396,'2016-02-16','09:20:00','#93d'),(20396,'2016-02-24','13:19:00','#f22'),(20396,'2016-04-15','09:34:00','#241'),(20396,'2016-04-16','16:25:00','#8e2'),(23968,'2015-03-09','16:49:00','#0ef'),(23968,'2015-04-07','13:30:00','#06e'),(23968,'2015-06-07','09:49:00','#bcf'),(23968,'2015-06-14','11:30:00','#aca'),(23968,'2015-06-15','12:35:00','#3d8'),(23968,'2015-07-17','11:42:00','#686'),(23968,'2015-07-27','12:21:00','#41a'),(23968,'2015-11-30','16:33:00','#fb2'),(23968,'2016-03-08','15:52:00','#b4f'),(23968,'2016-04-24','15:09:00','#136'),(23968,'2016-05-06','10:25:00','#766'),(30420,'2015-03-01','12:59:00','#de1'),(30420,'2015-04-01','16:57:00','#131'),(30420,'2015-05-30','15:16:00','#5fc'),(30420,'2015-06-25','14:42:00','#3f5'),(30420,'2015-06-27','11:06:00','#00c'),(30420,'2015-10-03','11:27:00','#175'),(30420,'2015-11-28','15:44:00','#250'),(30420,'2015-11-30','12:05:00','#0b0'),(30420,'2015-12-14','12:22:00','#2d3'),(30420,'2016-01-16','12:34:00','#e6b'),(30420,'2016-02-23','09:49:00','#23c'),(30744,'2015-02-14','11:46:00','#efa'),(30744,'2015-07-31','10:33:00','#5b8'),(30744,'2015-08-12','14:45:00','#484'),(30744,'2015-08-25','14:02:00','#55e'),(30744,'2015-12-20','13:19:00','#177'),(30744,'2015-12-31','14:35:00','#85c'),(30744,'2016-03-06','16:18:00','#429'),(30744,'2016-03-19','09:36:00','#618'),(30744,'2016-04-04','12:35:00','#171'),(30744,'2016-04-21','14:39:00','#aed'),(32546,'2015-01-06','11:11:00','#62d'),(32546,'2015-02-22','10:50:00','#b8c'),(32546,'2015-03-11','12:29:00','#b97'),(32546,'2015-05-20','09:05:00','#2b0'),(32546,'2015-07-10','09:50:00','#dd2'),(32546,'2015-10-09','11:43:00','#9e9'),(32546,'2015-10-10','10:19:00','#6d9'),(32546,'2015-11-21','09:52:00','#339'),(32546,'2015-12-16','10:55:00','#dfc'),(32546,'2016-01-29','12:12:00','#e42'),(32546,'2016-03-08','12:37:00','#a09'),(32705,'2015-03-05','12:37:00','#03f'),(32705,'2015-03-19','09:39:00','#19b'),(32705,'2015-07-09','09:39:00','#113'),(32705,'2015-09-04','12:10:00','#d86'),(32705,'2015-10-18','12:25:00','#8fd'),(32705,'2015-10-22','16:11:00','#c30'),(32705,'2015-11-09','12:20:00','#5aa'),(32705,'2015-12-28','16:04:00','#05a'),(32705,'2016-01-02','13:02:00','#e39'),(32705,'2016-03-10','14:32:00','#7e5'),(32705,'2016-04-22','14:15:00','#6df'),(40086,'2015-02-10','12:04:00','#9e4'),(40086,'2015-03-11','09:44:00','#fae'),(40086,'2015-05-09','14:00:00','#17e'),(40086,'2015-07-17','14:58:00','#b5e'),(40086,'2015-09-28','15:51:00','#6c5'),(40086,'2015-10-24','11:29:00','#195'),(40086,'2015-11-17','14:46:00','#a47'),(40086,'2015-11-29','16:56:00','#ce1'),(40086,'2015-12-24','11:13:00','#30c'),(40086,'2016-02-24','14:19:00','#f78'),(40086,'2016-04-03','13:14:00','#888'),(42406,'2015-01-14','15:14:00','#19b'),(42406,'2015-01-19','11:39:00','#769'),(42406,'2015-02-23','10:16:00','#cfd'),(42406,'2015-05-06','09:44:00','#565'),(42406,'2015-05-16','13:17:00','#87e'),(42406,'2015-09-16','14:44:00','#c2b'),(42406,'2015-10-17','15:36:00','#02b'),(42406,'2015-11-02','14:28:00','#08f'),(42406,'2015-11-18','09:36:00','#e77'),(42406,'2015-12-14','15:07:00','#6c1'),(42406,'2016-02-03','10:59:00','#bb3'),(53863,'2015-01-18','15:02:00','#4ca'),(53863,'2015-01-26','14:22:00','#45f'),(53863,'2015-01-31','11:49:00','#c23'),(53863,'2015-06-03','13:56:00','#7cd'),(53863,'2015-06-17','12:25:00','#630'),(53863,'2015-10-06','11:37:00','#67a'),(53863,'2015-10-08','12:01:00','#f88'),(53863,'2015-10-11','16:01:00','#cf1'),(53863,'2015-12-29','15:44:00','#6af'),(53863,'2016-01-13','11:40:00','#b6b'),(53863,'2016-04-27','16:30:00','#97e'),(55759,'2015-02-12','15:26:00','#dd2'),(55759,'2015-03-29','12:17:00','#2a5'),(55759,'2015-04-06','16:18:00','#510'),(55759,'2015-05-06','16:02:00','#2aa'),(55759,'2015-08-05','15:45:00','#e12'),(55759,'2015-09-16','14:11:00','#839'),(55759,'2015-09-21','14:12:00','#f93'),(55759,'2015-10-19','11:37:00','#116'),(55759,'2016-01-08','16:33:00','#1a6'),(55759,'2016-02-13','11:06:00','#a53'),(55759,'2016-05-04','12:31:00','#04a'),(56431,'2015-03-18','14:21:00','#78a'),(56431,'2015-04-11','15:48:00','#f29'),(56431,'2015-06-26','13:24:00','#300'),(56431,'2015-07-12','12:36:00','#f2f'),(56431,'2015-07-30','09:08:00','#c3c'),(56431,'2015-08-04','15:53:00','#1ed'),(56431,'2016-01-03','13:09:00','#d1c'),(56431,'2016-01-16','10:25:00','#577'),(56431,'2016-01-17','10:24:00','#f2e'),(56431,'2016-05-07','16:28:00','#dd7'),(66294,'2015-01-26','12:21:00','#b18'),(66294,'2015-04-10','14:13:00','#900'),(66294,'2015-07-30','11:04:00','#6b8'),(66294,'2015-09-03','10:54:00','#58c'),(66294,'2015-11-03','12:50:00','#3d0'),(66294,'2015-11-05','16:14:00','#e0b'),(66294,'2015-12-06','09:01:00','#b70'),(66294,'2016-01-06','16:04:00','#c9d'),(66294,'2016-04-03','14:04:00','#c58'),(66294,'2016-05-02','11:03:00','#f2d'),(66294,'2016-05-05','12:21:00','#0d8'),(69595,'2015-02-15','09:42:00','#012'),(69595,'2015-03-18','12:07:00','#17f'),(69595,'2015-04-27','10:18:00','#12d'),(69595,'2015-05-27','13:13:00','#550'),(69595,'2015-07-28','16:36:00','#095'),(69595,'2015-09-12','15:35:00','#036'),(69595,'2015-10-19','13:04:00','#f65'),(69595,'2016-01-27','16:38:00','#55f'),(69595,'2016-01-31','12:06:00','#c7e'),(69595,'2016-04-13','12:32:00','#52e'),(69595,'2016-04-22','14:47:00','#a75'),(71170,'2015-03-11','15:52:00','#95f'),(71170,'2015-04-07','12:05:00','#9b4'),(71170,'2015-05-06','15:58:00','#56a'),(71170,'2015-06-20','12:59:00','#779'),(71170,'2015-07-14','09:59:00','#213'),(71170,'2015-07-16','12:14:00','#c22'),(71170,'2015-07-31','15:45:00','#c0f'),(71170,'2015-08-23','12:11:00','#269'),(71170,'2015-10-13','09:13:00','#8ca'),(71170,'2016-01-24','12:16:00','#7b7'),(71170,'2016-02-26','14:54:00','#699'),(74264,'2015-02-21','15:20:00','#1df'),(74264,'2015-03-23','09:37:00','#2f8'),(74264,'2015-03-29','15:26:00','#3ab'),(74264,'2015-06-22','11:51:00','#064'),(74264,'2015-07-28','14:52:00','#45c'),(74264,'2015-08-25','09:38:00','#73a'),(74264,'2015-09-09','11:49:00','#c71'),(74264,'2015-10-22','10:06:00','#273'),(74264,'2016-02-27','12:16:00','#a5a'),(74264,'2016-03-22','13:34:00','#e57'),(74264,'2016-05-04','12:38:00','#07d'),(86619,'2015-03-29','11:15:00','#899'),(86619,'2015-03-31','12:42:00','#33e'),(86619,'2015-05-31','16:19:00','#332'),(86619,'2015-06-18','12:04:00','#344'),(86619,'2015-07-16','13:37:00','#b24'),(86619,'2015-07-30','09:59:00','#d94'),(86619,'2015-08-19','14:44:00','#b49'),(86619,'2015-09-09','16:20:00','#e7a'),(86619,'2015-12-30','16:26:00','#699'),(86619,'2016-01-30','14:31:00','#d2e'),(86619,'2016-04-22','15:04:00','#cbb'),(99551,'2015-01-04','12:37:00','#501'),(99551,'2015-03-30','16:28:00','#c33'),(99551,'2015-08-15','09:05:00','#e17'),(99551,'2015-08-25','14:50:00','#8b2'),(99551,'2015-10-14','12:48:00','#f47'),(99551,'2015-11-06','12:46:00','#dfa'),(99551,'2015-12-06','12:14:00','#c25'),(99551,'2015-12-11','10:56:00','#1e3'),(99551,'2016-02-17','14:15:00','#769'),(99551,'2016-04-28','13:27:00','#247'),(99551,'2016-05-07','15:30:00','#2bc');
/*!40000 ALTER TABLE `course_schedule` ENABLE KEYS */;
UNLOCK TABLES;

--
-- Table structure for table `course_teacher`
--

DROP TABLE IF EXISTS `course_teacher`;
/*!40101 SET @saved_cs_client     = @@character_set_client */;
/*!40101 SET character_set_client = utf8 */;
CREATE TABLE `course_teacher` (
  `course_id` int(11) DEFAULT NULL,
  `teacher_id` int(11) DEFAULT NULL,
  KEY `idx_course_teacher` (`course_id`),
  KEY `idx_course_teacher_0` (`teacher_id`),
  CONSTRAINT `fk_course_teacher` FOREIGN KEY (`course_id`) REFERENCES `courses` (`course_id`) ON DELETE NO ACTION ON UPDATE NO ACTION,
  CONSTRAINT `fk_course_teacher_1` FOREIGN KEY (`teacher_id`) REFERENCES `teachers` (`teacher_id`) ON DELETE NO ACTION ON UPDATE NO ACTION
) ENGINE=InnoDB DEFAULT CHARSET=latin1;
/*!40101 SET character_set_client = @saved_cs_client */;

--
-- Dumping data for table `course_teacher`
--

LOCK TABLES `course_teacher` WRITE;
/*!40000 ALTER TABLE `course_teacher` DISABLE KEYS */;
INSERT INTO `course_teacher` VALUES (10986,5578),(14369,5578),(14635,3205),(20396,1361),(23968,1361),(30420,1361),(30744,9248),(32546,9499),(32705,5578),(40086,6987),(42406,3205),(53863,3205),(55759,5578),(56431,6987),(66294,3205),(69595,6614),(71170,5033),(74264,6614),(86619,3205),(99551,6987),(10986,5578),(14369,6987),(14635,5033),(20396,5578);
/*!40000 ALTER TABLE `course_teacher` ENABLE KEYS */;
UNLOCK TABLES;

--
-- Table structure for table `courses`
--

DROP TABLE IF EXISTS `courses`;
/*!40101 SET @saved_cs_client     = @@character_set_client */;
/*!40101 SET character_set_client = utf8 */;
CREATE TABLE `courses` (
  `course_id` int(11) NOT NULL,
  `name` varchar(100) DEFAULT NULL,
  `start_date` date DEFAULT NULL,
  `end_date` date DEFAULT NULL,
  PRIMARY KEY (`course_id`)
) ENGINE=InnoDB DEFAULT CHARSET=latin1;
/*!40101 SET character_set_client = @saved_cs_client */;

--
-- Dumping data for table `courses`
--

LOCK TABLES `courses` WRITE;
/*!40000 ALTER TABLE `courses` DISABLE KEYS */;
INSERT INTO `courses` VALUES (10986,'Ohjelmoinnin perusteet (C++)','2015-05-05','2015-11-02'),(14369,'Johdatus Python-ohjelmointiin','2015-01-15','2015-10-31'),(14635,'Indroduciton to Java Programming','2015-08-09','2016-03-07'),(20396,'Ohjelmoinnin jatko (C)','2016-01-24','2015-03-23'),(23968,'C#-ohjelmoinnin perusteet','2015-03-31','2015-11-01'),(30420,'Python Programming','2015-01-18','2015-12-06'),(30744,'C++-ohjelmointi','2015-07-06','2016-05-05'),(32546,'Johdatus C++ -ohjelmointiin','2015-02-15','2015-04-07'),(32705,'Introduction to Java Programming','2015-04-05','2015-08-04'),(40086,'Johdatus PHP-ohjelmointiin','2016-02-18','2016-01-04'),(42406,'Basics of Android Programming','2015-09-10','2016-02-04'),(53863,'C++-ohjelmointi','2015-10-05','2015-06-18'),(55759,'Peliohjelmointi','2015-01-18','2015-11-26'),(56431,'PHP-ohjelmointi','2015-12-20','2015-06-08'),(66294,'Introduction to C Programming','2015-11-29','2015-08-04'),(69595,'Johdatus C#-ohjelmointiin','2015-11-30','2015-12-27'),(71170,'Python-ohjelmointi','2015-05-23','2015-05-21'),(74264,'Advanced Java Programming','2015-05-24','2016-03-04'),(86619,'Ohjelmoinnin perusteet','2015-12-27','2015-10-17'),(99551,'Introduction to Python Programming','2015-01-01','2015-06-30');
/*!40000 ALTER TABLE `courses` ENABLE KEYS */;
UNLOCK TABLES;

--
-- Table structure for table `enrollment`
--

DROP TABLE IF EXISTS `enrollment`;
/*!40101 SET @saved_cs_client     = @@character_set_client */;
/*!40101 SET character_set_client = utf8 */;
CREATE TABLE `enrollment` (
  `course_id` int(11) NOT NULL,
  `student_id` int(11) NOT NULL,
  `grade` int(11) DEFAULT NULL,
  PRIMARY KEY (`course_id`,`student_id`),
  KEY `idx_attendance_3` (`course_id`),
  KEY `idx_attendance_4` (`student_id`),
  KEY `idx_enrollment_2` (`grade`),
  CONSTRAINT `fk_enrollment_1` FOREIGN KEY (`grade`) REFERENCES `evaluation_type` (`eval_id`) ON DELETE NO ACTION ON UPDATE NO ACTION,
  CONSTRAINT `fk_enrollment` FOREIGN KEY (`student_id`) REFERENCES `students` (`student_id`) ON DELETE NO ACTION ON UPDATE NO ACTION,
  CONSTRAINT `fk_enrollment_0` FOREIGN KEY (`course_id`) REFERENCES `courses` (`course_id`) ON DELETE NO ACTION ON UPDATE NO ACTION
) ENGINE=InnoDB DEFAULT CHARSET=latin1;
/*!40101 SET character_set_client = @saved_cs_client */;

--
-- Dumping data for table `enrollment`
--

LOCK TABLES `enrollment` WRITE;
/*!40000 ALTER TABLE `enrollment` DISABLE KEYS */;
INSERT INTO `enrollment` VALUES (10986,125352,0),(10986,266171,0),(10986,376527,0),(10986,515509,0),(10986,605772,0),(10986,665323,0),(10986,984020,0),(10986,991891,0),(14369,127299,0),(14369,201173,0),(14369,227581,0),(14369,259812,0),(14369,376527,0),(14369,391186,0),(14369,431022,0),(14369,515509,0),(14369,575256,0),(14369,649127,0),(14369,663493,0),(14369,708150,0),(14369,712653,0),(14369,758944,0),(14369,820876,0),(14369,867888,0),(14369,948670,0),(14635,196639,0),(14635,201173,0),(14635,201183,0),(14635,217817,0),(14635,259259,0),(14635,282999,0),(14635,320599,0),(14635,458339,0),(14635,582919,0),(14635,595557,0),(14635,605772,0),(14635,665323,0),(14635,668453,0),(14635,812022,0),(14635,854794,0),(14635,860914,0),(14635,875102,0),(14635,948758,0),(20396,151124,0),(20396,201173,0),(20396,203791,0),(20396,217817,0),(20396,227581,0),(20396,458339,0),(20396,512993,0),(20396,603160,0),(20396,624978,0),(20396,820876,0),(20396,867888,0),(20396,875102,0),(20396,875846,0),(23968,203791,0),(23968,302467,0),(23968,339359,0),(23968,391186,0),(23968,458339,0),(23968,502618,0),(23968,582919,0),(23968,624978,0),(23968,668453,0),(23968,671034,0),(23968,820876,0),(23968,860914,0),(23968,909237,0),(23968,948758,0),(23968,961806,0),(23968,991891,0),(30420,217817,0),(30420,266171,0),(30420,360428,0),(30420,397914,0),(30420,400280,0),(30420,512548,0),(30420,512750,0),(30420,574947,0),(30420,624978,0),(30420,671034,0),(30420,736290,0),(30420,922633,0),(30420,961806,0),(30420,984020,0),(30744,125352,0),(30744,282999,0),(30744,400280,0),(30744,512750,0),(30744,575256,0),(30744,715753,0),(30744,820876,0),(30744,948758,0),(30744,991891,0),(32546,125352,0),(32546,146021,0),(32546,203791,0),(32546,259259,0),(32546,269958,0),(32546,302467,0),(32546,520974,0),(32546,582919,0),(32546,603160,0),(32546,607329,0),(32546,867888,0),(32705,139650,0),(32705,201173,0),(32705,327185,0),(32705,431022,0),(32705,503287,0),(32705,512750,0),(32705,512993,0),(32705,574947,0),(32705,624978,0),(32705,665323,0),(32705,679657,0),(32705,736290,0),(32705,961806,0),(32705,991891,0),(40086,259812,0),(40086,266171,0),(40086,360428,0),(40086,502618,0),(40086,574947,0),(40086,577290,0),(40086,582919,0),(40086,584115,0),(40086,712161,0),(40086,712978,0),(40086,812022,0),(40086,860914,0),(40086,867888,0),(40086,891194,0),(40086,922633,0),(42406,251806,0),(42406,259259,0),(42406,320599,0),(42406,327185,0),(42406,447449,0),(42406,503287,0),(42406,577290,0),(42406,584115,0),(42406,668453,0),(42406,712161,0),(42406,904133,0),(42406,957572,0),(42406,961806,0),(53863,139650,0),(53863,196639,0),(53863,259812,0),(53863,320599,0),(53863,360428,0),(53863,391186,0),(53863,584115,0),(53863,663493,0),(53863,671034,0),(53863,758944,0),(53863,909237,0),(55759,102007,0),(55759,259812,0),(55759,431022,0),(55759,443798,0),(55759,458339,0),(55759,520974,0),(55759,663493,0),(55759,880813,0),(56431,227581,0),(56431,360428,0),(56431,492482,0),(56431,605772,0),(56431,624978,0),(56431,627651,0),(56431,649127,0),(56431,930227,0),(56431,948670,0),(66294,227581,0),(66294,302467,0),(66294,512548,0),(66294,575256,0),(66294,603160,0),(66294,607329,0),(66294,627651,0),(66294,712653,0),(66294,793498,0),(66294,820876,0),(66294,860914,0),(66294,904133,0),(66294,930227,0),(66294,948758,0),(66294,984020,0),(69595,102007,0),(69595,139650,0),(69595,360428,0),(69595,452037,0),(69595,502618,0),(69595,582919,0),(69595,595557,0),(69595,715753,0),(69595,860914,0),(71170,259259,0),(71170,327185,0),(71170,339359,0),(71170,458339,0),(71170,512548,0),(71170,512750,0),(71170,603160,0),(71170,607329,0),(71170,628623,0),(71170,668453,0),(71170,867888,0),(71170,922633,0),(74264,157073,0),(74264,227581,0),(74264,254014,0),(74264,259259,0),(74264,302467,0),(74264,447449,0),(74264,574947,0),(74264,605772,0),(74264,607329,0),(74264,624978,0),(74264,793498,0),(74264,875102,0),(74264,930227,0),(74264,948758,0),(74264,984020,0),(86619,201173,0),(86619,201183,0),(86619,217817,0),(86619,391186,0),(86619,397914,0),(86619,562259,0),(86619,712161,0),(86619,812022,0),(86619,867888,0),(86619,875846,0),(86619,915533,0),(99551,157073,0),(99551,282999,0),(99551,536687,0),(99551,603160,0),(99551,812022,0),(99551,860914,0),(99551,875846,0),(99551,915533,0),(99551,948670,0),(10986,127299,1),(10986,269958,1),(10986,273195,1),(10986,302467,1),(10986,339359,1),(10986,360428,1),(10986,582919,1),(10986,586631,1),(10986,708150,1),(10986,722152,1),(10986,860914,1),(14369,151124,1),(14369,196639,1),(14369,203791,1),(14369,266171,1),(14369,503287,1),(14369,512548,1),(14369,512750,1),(14369,512993,1),(14369,582919,1),(14369,584115,1),(14369,605772,1),(14369,618129,1),(14369,665323,1),(14369,718457,1),(14369,722152,1),(14369,860914,1),(14369,875846,1),(14369,904133,1),(14369,991891,1),(14635,269958,1),(14635,575256,1),(14635,712653,1),(14635,718457,1),(14635,793498,1),(14635,820876,1),(14635,867888,1),(20396,139650,1),(20396,196639,1),(20396,251806,1),(20396,302467,1),(20396,320599,1),(20396,376527,1),(20396,391186,1),(20396,443798,1),(20396,492482,1),(20396,627651,1),(20396,665323,1),(20396,904133,1),(20396,915533,1),(20396,922633,1),(23968,127299,1),(23968,157073,1),(23968,201183,1),(23968,259259,1),(23968,360428,1),(23968,443798,1),(23968,447449,1),(23968,595557,1),(23968,603160,1),(23968,812022,1),(23968,915533,1),(30420,227581,1),(30420,302467,1),(30420,339359,1),(30420,577290,1),(30420,607001,1),(30420,607329,1),(30420,627651,1),(30420,628623,1),(30420,668453,1),(30420,718457,1),(30420,758944,1),(30420,820876,1),(30420,957572,1),(30420,991891,1),(30744,536687,1),(30744,574947,1),(30744,665323,1),(30744,712978,1),(30744,718457,1),(30744,722152,1),(30744,793498,1),(30744,922633,1),(30744,961806,1),(32546,196639,1),(32546,217817,1),(32546,272055,1),(32546,339359,1),(32546,376527,1),(32546,431022,1),(32546,447449,1),(32546,502618,1),(32546,503287,1),(32546,682930,1),(32546,758944,1),(32546,812022,1),(32546,904133,1),(32546,948670,1),(32705,146021,1),(32705,151124,1),(32705,201183,1),(32705,536687,1),(32705,582919,1),(32705,618129,1),(32705,695630,1),(32705,708150,1),(32705,712978,1),(32705,909237,1),(40086,282999,1),(40086,397914,1),(40086,431022,1),(40086,492482,1),(40086,512548,1),(40086,520974,1),(40086,595557,1),(40086,603160,1),(40086,605772,1),(40086,649127,1),(40086,665323,1),(40086,679657,1),(40086,708150,1),(40086,722152,1),(40086,875102,1),(40086,909237,1),(40086,948670,1),(40086,948758,1),(42406,139650,1),(42406,151124,1),(42406,201173,1),(42406,259812,1),(42406,397914,1),(42406,431022,1),(42406,502618,1),(42406,624978,1),(42406,671034,1),(42406,715753,1),(42406,880813,1),(42406,915533,1),(53863,102007,1),(53863,157073,1),(53863,227581,1),(53863,254014,1),(53863,272055,1),(53863,452037,1),(53863,607001,1),(53863,607329,1),(53863,624978,1),(53863,960873,1),(55759,376527,1),(55759,400280,1),(55759,452037,1),(55759,618129,1),(55759,695630,1),(55759,708150,1),(55759,712161,1),(55759,712978,1),(55759,909237,1),(56431,272055,1),(56431,320599,1),(56431,339359,1),(56431,603160,1),(56431,607329,1),(56431,628623,1),(56431,712161,1),(56431,718457,1),(56431,820876,1),(56431,909237,1),(56431,948758,1),(56431,960873,1),(56431,984020,1),(66294,139650,1),(66294,146021,1),(66294,157073,1),(66294,196639,1),(66294,203791,1),(66294,251806,1),(66294,269958,1),(66294,458339,1),(66294,503287,1),(66294,515509,1),(66294,586631,1),(66294,605772,1),(66294,665323,1),(66294,679657,1),(66294,715753,1),(66294,875102,1),(66294,948670,1),(69595,259259,1),(69595,272055,1),(69595,391186,1),(69595,443798,1),(69595,492482,1),(69595,562259,1),(69595,584115,1),(69595,627651,1),(69595,628623,1),(69595,649127,1),(69595,671034,1),(69595,695630,1),(69595,712653,1),(69595,722152,1),(69595,736290,1),(69595,854794,1),(69595,930227,1),(71170,127299,1),(71170,146021,1),(71170,196639,1),(71170,227581,1),(71170,266171,1),(71170,273195,1),(71170,282999,1),(71170,391186,1),(71170,447449,1),(71170,502618,1),(71170,503287,1),(71170,515509,1),(71170,584115,1),(71170,607001,1),(71170,793498,1),(71170,812022,1),(71170,854794,1),(71170,915533,1),(74264,146021,1),(74264,391186,1),(74264,502618,1),(74264,512750,1),(74264,562259,1),(74264,584115,1),(74264,607001,1),(74264,820876,1),(74264,880813,1),(86619,125352,1),(86619,259259,1),(86619,302467,1),(86619,624978,1),(86619,663493,1),(86619,668453,1),(86619,715753,1),(86619,736290,1),(86619,758944,1),(99551,251806,1),(99551,259812,1),(99551,302467,1),(99551,391186,1),(99551,515509,1),(99551,575256,1),(99551,582919,1),(99551,584115,1),(99551,595557,1),(99551,607329,1),(99551,649127,1),(99551,708150,1),(99551,712161,1),(99551,712978,1),(99551,793498,1),(99551,957572,1),(99551,960873,1),(10986,139650,2),(10986,201173,2),(10986,227581,2),(10986,254014,2),(10986,282999,2),(10986,502618,2),(10986,512548,2),(10986,575256,2),(10986,649127,2),(10986,668453,2),(10986,695630,2),(10986,867888,2),(10986,875846,2),(10986,915533,2),(10986,930227,2),(10986,948670,2),(10986,961806,2),(14369,217817,2),(14369,443798,2),(14369,447449,2),(14369,452037,2),(14369,536687,2),(14369,679657,2),(14369,715753,2),(14369,880813,2),(14369,891194,2),(14369,909237,2),(14369,915533,2),(14369,930227,2),(14369,960873,2),(14635,127299,2),(14635,259812,2),(14635,327185,2),(14635,376527,2),(14635,512548,2),(14635,512993,2),(14635,515509,2),(14635,649127,2),(14635,682930,2),(14635,695630,2),(14635,922633,2),(14635,984020,2),(20396,201183,2),(20396,272055,2),(20396,282999,2),(20396,327185,2),(20396,584115,2),(20396,586631,2),(20396,595557,2),(20396,605772,2),(20396,628623,2),(20396,695630,2),(20396,708150,2),(20396,715753,2),(20396,718457,2),(20396,854794,2),(20396,930227,2),(20396,948670,2),(20396,991891,2),(23968,125352,2),(23968,201173,2),(23968,251806,2),(23968,520974,2),(23968,586631,2),(23968,663493,2),(23968,665323,2),(23968,695630,2),(23968,708150,2),(23968,715753,2),(23968,718457,2),(30420,251806,2),(30420,431022,2),(30420,536687,2),(30420,562259,2),(30420,575256,2),(30420,618129,2),(30420,649127,2),(30420,880813,2),(30420,909237,2),(30744,259259,2),(30744,339359,2),(30744,360428,2),(30744,391186,2),(30744,431022,2),(30744,492482,2),(30744,515509,2),(30744,607001,2),(30744,627651,2),(30744,671034,2),(30744,712653,2),(30744,860914,2),(30744,904133,2),(30744,909237,2),(32546,157073,2),(32546,259812,2),(32546,282999,2),(32546,400280,2),(32546,443798,2),(32546,562259,2),(32546,586631,2),(32546,595557,2),(32546,624978,2),(32546,668453,2),(32546,708150,2),(32546,722152,2),(32546,793498,2),(32546,880813,2),(32546,922633,2),(32546,961806,2),(32546,984020,2),(32705,227581,2),(32705,397914,2),(32705,400280,2),(32705,443798,2),(32705,452037,2),(32705,577290,2),(32705,584115,2),(32705,607001,2),(32705,682930,2),(32705,712161,2),(32705,875102,2),(32705,922633,2),(32705,948758,2),(40086,125352,2),(40086,139650,2),(40086,146021,2),(40086,259259,2),(40086,273195,2),(40086,443798,2),(40086,512750,2),(40086,512993,2),(40086,536687,2),(40086,607001,2),(40086,607329,2),(40086,668453,2),(40086,758944,2),(40086,930227,2),(42406,146021,2),(42406,443798,2),(42406,492482,2),(42406,586631,2),(42406,595557,2),(42406,618129,2),(42406,663493,2),(42406,712653,2),(42406,712978,2),(42406,820876,2),(42406,891194,2),(42406,948670,2),(42406,960873,2),(42406,984020,2),(53863,266171,2),(53863,282999,2),(53863,339359,2),(53863,397914,2),(53863,458339,2),(53863,512548,2),(53863,574947,2),(53863,577290,2),(53863,586631,2),(53863,627651,2),(53863,665323,2),(53863,668453,2),(53863,793498,2),(53863,860914,2),(53863,930227,2),(55759,146021,2),(55759,201173,2),(55759,203791,2),(55759,227581,2),(55759,269958,2),(55759,391186,2),(55759,574947,2),(55759,607329,2),(55759,812022,2),(55759,854794,2),(55759,957572,2),(56431,127299,2),(56431,259812,2),(56431,447449,2),(56431,502618,2),(56431,584115,2),(56431,663493,2),(56431,671034,2),(56431,715753,2),(56431,736290,2),(56431,812022,2),(66294,125352,2),(66294,201183,2),(66294,273195,2),(66294,320599,2),(66294,327185,2),(66294,391186,2),(66294,400280,2),(66294,443798,2),(66294,447449,2),(66294,452037,2),(66294,502618,2),(66294,607001,2),(66294,867888,2),(69595,251806,2),(69595,254014,2),(69595,266171,2),(69595,302467,2),(69595,320599,2),(69595,431022,2),(69595,515509,2),(69595,574947,2),(69595,575256,2),(69595,820876,2),(69595,880813,2),(69595,915533,2),(69595,960873,2),(71170,217817,2),(71170,254014,2),(71170,259812,2),(71170,272055,2),(71170,397914,2),(71170,452037,2),(71170,562259,2),(71170,577290,2),(71170,605772,2),(71170,624978,2),(71170,712653,2),(71170,758944,2),(71170,904133,2),(71170,930227,2),(71170,948670,2),(71170,984020,2),(74264,125352,2),(74264,217817,2),(74264,251806,2),(74264,266171,2),(74264,397914,2),(74264,458339,2),(74264,512548,2),(74264,515509,2),(74264,618129,2),(74264,665323,2),(74264,712161,2),(74264,722152,2),(74264,854794,2),(74264,922633,2),(86619,259812,2),(86619,266171,2),(86619,360428,2),(86619,431022,2),(86619,458339,2),(86619,512548,2),(86619,512750,2),(86619,627651,2),(86619,712978,2),(86619,904133,2),(86619,948758,2),(86619,984020,2),(99551,512750,2),(99551,607001,2),(99551,682930,2),(99551,718457,2),(99551,854794,2),(99551,948758,2),(10986,320599,3),(10986,443798,3),(10986,512993,3),(10986,536687,3),(10986,574947,3),(10986,618129,3),(10986,628623,3),(10986,663493,3),(10986,715753,3),(10986,736290,3),(10986,758944,3),(10986,812022,3),(10986,909237,3),(14369,102007,3),(14369,139650,3),(14369,157073,3),(14369,273195,3),(14369,458339,3),(14369,586631,3),(14369,603160,3),(14369,607001,3),(14369,624978,3),(14369,682930,3),(14369,854794,3),(14369,875102,3),(14635,266171,3),(14635,273195,3),(14635,302467,3),(14635,339359,3),(14635,443798,3),(14635,512750,3),(14635,536687,3),(14635,574947,3),(14635,577290,3),(14635,586631,3),(14635,607329,3),(14635,624978,3),(14635,627651,3),(14635,663493,3),(14635,736290,3),(14635,758944,3),(14635,915533,3),(14635,948670,3),(14635,960873,3),(20396,259259,3),(20396,431022,3),(20396,512548,3),(20396,520974,3),(20396,562259,3),(20396,618129,3),(20396,649127,3),(20396,668453,3),(20396,679657,3),(20396,712161,3),(20396,722152,3),(20396,793498,3),(20396,812022,3),(23968,139650,3),(23968,151124,3),(23968,217817,3),(23968,266171,3),(23968,273195,3),(23968,400280,3),(23968,492482,3),(23968,503287,3),(23968,574947,3),(23968,584115,3),(23968,605772,3),(23968,607001,3),(23968,628623,3),(23968,875102,3),(23968,984020,3),(30420,102007,3),(30420,127299,3),(30420,139650,3),(30420,151124,3),(30420,196639,3),(30420,272055,3),(30420,282999,3),(30420,320599,3),(30420,327185,3),(30420,443798,3),(30420,452037,3),(30420,582919,3),(30420,603160,3),(30420,665323,3),(30420,682930,3),(30420,715753,3),(30420,915533,3),(30420,948670,3),(30420,948758,3),(30744,102007,3),(30744,151124,3),(30744,201173,3),(30744,259812,3),(30744,302467,3),(30744,458339,3),(30744,502618,3),(30744,512548,3),(30744,512993,3),(30744,603160,3),(30744,607329,3),(30744,915533,3),(32546,139650,3),(32546,151124,3),(32546,201173,3),(32546,254014,3),(32546,360428,3),(32546,391186,3),(32546,452037,3),(32546,512548,3),(32546,512750,3),(32546,536687,3),(32546,605772,3),(32546,607001,3),(32546,627651,3),(32546,628623,3),(32546,671034,3),(32546,712161,3),(32546,854794,3),(32705,125352,3),(32705,157073,3),(32705,251806,3),(32705,266171,3),(32705,282999,3),(32705,360428,3),(32705,447449,3),(32705,502618,3),(32705,512548,3),(32705,586631,3),(32705,603160,3),(32705,668453,3),(32705,758944,3),(32705,854794,3),(32705,880813,3),(32705,904133,3),(32705,930227,3),(32705,957572,3),(40086,102007,3),(40086,157073,3),(40086,272055,3),(40086,320599,3),(40086,327185,3),(40086,452037,3),(40086,515509,3),(40086,562259,3),(40086,627651,3),(40086,663493,3),(40086,671034,3),(40086,715753,3),(40086,793498,3),(40086,820876,3),(40086,960873,3),(42406,266171,3),(42406,282999,3),(42406,360428,3),(42406,562259,3),(42406,607329,3),(42406,665323,3),(42406,679657,3),(42406,718457,3),(42406,909237,3),(42406,922633,3),(42406,930227,3),(42406,948758,3),(42406,991891,3),(53863,127299,3),(53863,151124,3),(53863,201183,3),(53863,269958,3),(53863,536687,3),(53863,562259,3),(53863,575256,3),(53863,595557,3),(53863,603160,3),(53863,605772,3),(53863,649127,3),(53863,854794,3),(53863,875846,3),(53863,880813,3),(55759,139650,3),(55759,196639,3),(55759,259259,3),(55759,302467,3),(55759,512548,3),(55759,586631,3),(55759,627651,3),(55759,628623,3),(55759,671034,3),(55759,722152,3),(55759,793498,3),(55759,904133,3),(55759,922633,3),(55759,984020,3),(56431,139650,3),(56431,254014,3),(56431,259259,3),(56431,269958,3),(56431,443798,3),(56431,503287,3),(56431,512750,3),(56431,562259,3),(56431,665323,3),(56431,875846,3),(56431,957572,3),(66294,102007,3),(66294,217817,3),(66294,259259,3),(66294,512993,3),(66294,582919,3),(66294,663493,3),(66294,909237,3),(66294,960873,3),(69595,151124,3),(69595,157073,3),(69595,196639,3),(69595,376527,3),(69595,603160,3),(69595,665323,3),(69595,708150,3),(69595,891194,3),(69595,909237,3),(69595,922633,3),(71170,251806,3),(71170,320599,3),(71170,376527,3),(71170,443798,3),(71170,492482,3),(71170,512993,3),(71170,582919,3),(71170,665323,3),(71170,722152,3),(71170,909237,3),(71170,957572,3),(71170,991891,3),(74264,196639,3),(74264,360428,3),(74264,400280,3),(74264,503287,3),(74264,595557,3),(74264,682930,3),(74264,708150,3),(74264,867888,3),(74264,960873,3),(86619,254014,3),(86619,269958,3),(86619,273195,3),(86619,502618,3),(86619,520974,3),(86619,536687,3),(86619,595557,3),(86619,607329,3),(86619,665323,3),(86619,679657,3),(86619,712653,3),(86619,820876,3),(86619,854794,3),(86619,880813,3),(86619,922633,3),(86619,948670,3),(86619,957572,3),(86619,961806,3),(99551,196639,3),(99551,201173,3),(99551,272055,3),(99551,562259,3),(99551,577290,3),(99551,628623,3),(99551,665323,3),(99551,875102,3),(99551,880813,3),(99551,909237,3),(10986,196639,4),(10986,201183,4),(10986,251806,4),(10986,397914,4),(10986,400280,4),(10986,431022,4),(10986,458339,4),(10986,512750,4),(10986,595557,4),(10986,603160,4),(10986,607001,4),(10986,671034,4),(10986,712653,4),(10986,854794,4),(10986,880813,4),(10986,960873,4),(14369,146021,4),(14369,251806,4),(14369,269958,4),(14369,320599,4),(14369,360428,4),(14369,400280,4),(14369,492482,4),(14369,574947,4),(14369,577290,4),(14369,793498,4),(14369,812022,4),(14369,957572,4),(14369,961806,4),(14369,984020,4),(14635,102007,4),(14635,125352,4),(14635,272055,4),(14635,391186,4),(14635,397914,4),(14635,400280,4),(14635,452037,4),(14635,603160,4),(14635,671034,4),(14635,679657,4),(14635,708150,4),(14635,930227,4),(20396,125352,4),(20396,259812,4),(20396,360428,4),(20396,400280,4),(20396,512750,4),(20396,515509,4),(20396,574947,4),(20396,575256,4),(20396,582919,4),(20396,663493,4),(20396,671034,4),(20396,758944,4),(20396,891194,4),(20396,948758,4),(20396,961806,4),(20396,984020,4),(23968,102007,4),(23968,146021,4),(23968,227581,4),(23968,254014,4),(23968,272055,4),(23968,327185,4),(23968,512750,4),(23968,577290,4),(23968,722152,4),(23968,793498,4),(23968,854794,4),(23968,867888,4),(23968,875846,4),(23968,891194,4),(23968,922633,4),(30420,201173,4),(30420,259259,4),(30420,376527,4),(30420,492482,4),(30420,584115,4),(30420,679657,4),(30420,793498,4),(30420,904133,4),(30744,201183,4),(30744,227581,4),(30744,251806,4),(30744,254014,4),(30744,269958,4),(30744,272055,4),(30744,320599,4),(30744,327185,4),(30744,397914,4),(30744,443798,4),(30744,447449,4),(30744,503287,4),(30744,520974,4),(30744,562259,4),(30744,582919,4),(30744,584115,4),(30744,586631,4),(30744,595557,4),(30744,628623,4),(30744,668453,4),(30744,679657,4),(30744,695630,4),(30744,708150,4),(30744,854794,4),(30744,867888,4),(30744,875102,4),(30744,875846,4),(30744,957572,4),(32546,127299,4),(32546,327185,4),(32546,458339,4),(32546,492482,4),(32546,512993,4),(32546,577290,4),(32546,584115,4),(32546,618129,4),(32546,695630,4),(32546,715753,4),(32546,718457,4),(32546,736290,4),(32546,820876,4),(32546,860914,4),(32546,875102,4),(32546,930227,4),(32546,957572,4),(32705,102007,4),(32705,217817,4),(32705,254014,4),(32705,269958,4),(32705,302467,4),(32705,391186,4),(32705,458339,4),(32705,492482,4),(32705,515509,4),(32705,595557,4),(32705,607329,4),(32705,671034,4),(32705,718457,4),(32705,860914,4),(32705,867888,4),(32705,915533,4),(32705,948670,4),(32705,960873,4),(40086,127299,4),(40086,151124,4),(40086,196639,4),(40086,302467,4),(40086,400280,4),(40086,447449,4),(40086,503287,4),(40086,624978,4),(40086,682930,4),(40086,695630,4),(40086,718457,4),(40086,880813,4),(40086,957572,4),(40086,991891,4),(42406,203791,4),(42406,273195,4),(42406,458339,4),(42406,512750,4),(42406,515509,4),(42406,582919,4),(42406,605772,4),(42406,758944,4),(42406,875102,4),(53863,217817,4),(53863,400280,4),(53863,503287,4),(53863,582919,4),(53863,618129,4),(53863,682930,4),(53863,715753,4),(53863,736290,4),(53863,875102,4),(53863,904133,4),(53863,915533,4),(53863,948758,4),(53863,991891,4),(55759,151124,4),(55759,254014,4),(55759,320599,4),(55759,447449,4),(55759,582919,4),(55759,595557,4),(55759,679657,4),(55759,718457,4),(55759,736290,4),(55759,867888,4),(55759,875846,4),(55759,915533,4),(55759,991891,4),(56431,102007,4),(56431,157073,4),(56431,266171,4),(56431,376527,4),(56431,458339,4),(56431,515509,4),(56431,575256,4),(56431,582919,4),(56431,668453,4),(56431,708150,4),(56431,793498,4),(56431,904133,4),(66294,266171,4),(66294,397914,4),(66294,492482,4),(66294,562259,4),(66294,671034,4),(66294,718457,4),(66294,736290,4),(66294,854794,4),(66294,875846,4),(66294,915533,4),(66294,991891,4),(69595,203791,4),(69595,217817,4),(69595,327185,4),(69595,397914,4),(69595,586631,4),(69595,605772,4),(69595,712161,4),(69595,991891,4),(71170,151124,4),(71170,157073,4),(71170,400280,4),(71170,536687,4),(71170,586631,4),(71170,682930,4),(71170,695630,4),(71170,715753,4),(71170,736290,4),(71170,860914,4),(71170,880813,4),(71170,891194,4),(71170,948758,4),(71170,960873,4),(74264,139650,4),(74264,151124,4),(74264,201183,4),(74264,259812,4),(74264,282999,4),(74264,339359,4),(74264,431022,4),(74264,443798,4),(74264,452037,4),(74264,536687,4),(74264,575256,4),(74264,582919,4),(74264,603160,4),(74264,715753,4),(74264,909237,4),(86619,139650,4),(86619,203791,4),(86619,227581,4),(86619,327185,4),(86619,339359,4),(86619,515509,4),(86619,582919,4),(86619,584115,4),(86619,603160,4),(86619,618129,4),(86619,628623,4),(86619,682930,4),(86619,708150,4),(86619,722152,4),(86619,875102,4),(99551,139650,4),(99551,146021,4),(99551,201183,4),(99551,227581,4),(99551,254014,4),(99551,266171,4),(99551,269958,4),(99551,273195,4),(99551,320599,4),(99551,397914,4),(99551,458339,4),(99551,503287,4),(99551,586631,4),(99551,618129,4),(99551,627651,4),(10986,151124,5),(10986,157073,5),(10986,203791,5),(10986,217817,5),(10986,259259,5),(10986,272055,5),(10986,391186,5),(10986,452037,5),(10986,503287,5),(10986,520974,5),(10986,562259,5),(10986,607329,5),(10986,624978,5),(10986,682930,5),(10986,718457,5),(10986,793498,5),(10986,820876,5),(10986,875102,5),(10986,904133,5),(10986,957572,5),(14369,125352,5),(14369,201183,5),(14369,254014,5),(14369,272055,5),(14369,282999,5),(14369,327185,5),(14369,397914,5),(14369,627651,5),(14369,628623,5),(14369,695630,5),(14635,146021,5),(14635,151124,5),(14635,203791,5),(14635,254014,5),(14635,360428,5),(14635,431022,5),(14635,447449,5),(14635,520974,5),(14635,562259,5),(14635,607001,5),(14635,712161,5),(14635,712978,5),(14635,715753,5),(14635,875846,5),(14635,904133,5),(14635,909237,5),(20396,157073,5),(20396,269958,5),(20396,339359,5),(20396,397914,5),(20396,447449,5),(20396,503287,5),(20396,607329,5),(20396,682930,5),(20396,712653,5),(20396,712978,5),(20396,736290,5),(20396,909237,5),(20396,957572,5),(23968,196639,5),(23968,269958,5),(23968,282999,5),(23968,320599,5),(23968,376527,5),(23968,397914,5),(23968,452037,5),(23968,512548,5),(23968,515509,5),(23968,536687,5),(23968,562259,5),(23968,575256,5),(23968,679657,5),(23968,712161,5),(23968,712653,5),(23968,736290,5),(23968,758944,5),(23968,880813,5),(23968,904133,5),(23968,948670,5),(23968,960873,5),(30420,125352,5),(30420,201183,5),(30420,254014,5),(30420,273195,5),(30420,447449,5),(30420,502618,5),(30420,512993,5),(30420,586631,5),(30420,695630,5),(30420,708150,5),(30420,712161,5),(30420,712653,5),(30420,712978,5),(30420,722152,5),(30420,854794,5),(30420,875846,5),(30420,930227,5),(30420,960873,5),(30744,139650,5),(30744,146021,5),(30744,196639,5),(30744,217817,5),(30744,266171,5),(30744,273195,5),(30744,452037,5),(30744,577290,5),(30744,605772,5),(30744,624978,5),(30744,682930,5),(30744,812022,5),(30744,880813,5),(32546,201183,5),(32546,227581,5),(32546,251806,5),(32546,266171,5),(32546,397914,5),(32546,574947,5),(32546,663493,5),(32546,891194,5),(32546,948758,5),(32546,960873,5),(32705,272055,5),(32705,320599,5),(32705,562259,5),(32705,575256,5),(32705,605772,5),(32705,628623,5),(32705,649127,5),(32705,715753,5),(32705,722152,5),(32705,812022,5),(32705,984020,5),(40086,203791,5),(40086,217817,5),(40086,251806,5),(40086,254014,5),(40086,339359,5),(40086,376527,5),(40086,391186,5),(40086,618129,5),(40086,628623,5),(40086,736290,5),(40086,854794,5),(40086,875846,5),(40086,904133,5),(40086,915533,5),(40086,961806,5),(40086,984020,5),(42406,127299,5),(42406,201183,5),(42406,217817,5),(42406,227581,5),(42406,376527,5),(42406,400280,5),(42406,452037,5),(42406,520974,5),(42406,607001,5),(42406,736290,5),(42406,854794,5),(42406,867888,5),(42406,875846,5),(53863,125352,5),(53863,251806,5),(53863,327185,5),(53863,376527,5),(53863,447449,5),(53863,520974,5),(53863,628623,5),(53863,712978,5),(53863,718457,5),(53863,922633,5),(55759,125352,5),(55759,127299,5),(55759,201183,5),(55759,251806,5),(55759,327185,5),(55759,536687,5),(55759,562259,5),(55759,584115,5),(55759,603160,5),(55759,605772,5),(55759,624978,5),(55759,665323,5),(55759,668453,5),(55759,682930,5),(55759,875102,5),(55759,891194,5),(55759,948758,5),(56431,151124,5),(56431,201183,5),(56431,203791,5),(56431,217817,5),(56431,302467,5),(56431,397914,5),(56431,400280,5),(56431,431022,5),(56431,452037,5),(56431,520974,5),(56431,595557,5),(56431,618129,5),(56431,712978,5),(56431,722152,5),(56431,758944,5),(56431,891194,5),(56431,922633,5),(66294,151124,5),(66294,272055,5),(66294,282999,5),(66294,431022,5),(66294,512750,5),(66294,574947,5),(66294,584115,5),(66294,618129,5),(66294,649127,5),(66294,712161,5),(66294,712978,5),(66294,961806,5),(69595,146021,5),(69595,259812,5),(69595,503287,5),(69595,577290,5),(69595,607329,5),(69595,624978,5),(69595,682930,5),(69595,758944,5),(69595,812022,5),(69595,867888,5),(71170,269958,5),(71170,302467,5),(71170,595557,5),(71170,627651,5),(71170,663493,5),(71170,712978,5),(71170,875102,5),(74264,127299,5),(74264,272055,5),(74264,327185,5),(74264,627651,5),(74264,628623,5),(74264,712653,5),(74264,712978,5),(74264,860914,5),(74264,891194,5),(86619,127299,5),(86619,151124,5),(86619,196639,5),(86619,282999,5),(86619,400280,5),(86619,452037,5),(86619,492482,5),(86619,577290,5),(86619,605772,5),(86619,607001,5),(86619,671034,5),(86619,695630,5),(86619,793498,5),(86619,860914,5),(86619,891194,5),(99551,125352,5),(99551,151124,5),(99551,203791,5),(99551,217817,5),(99551,259259,5),(99551,431022,5),(99551,512548,5),(99551,574947,5),(99551,624978,5),(99551,668453,5),(99551,758944,5),(99551,820876,5),(99551,867888,5),(99551,891194,5),(99551,961806,5),(10986,102007,6),(10986,146021,6),(10986,259812,6),(10986,327185,6),(10986,447449,6),(10986,492482,6),(10986,577290,6),(10986,584115,6),(10986,627651,6),(10986,679657,6),(10986,712161,6),(10986,712978,6),(10986,891194,6),(10986,922633,6),(10986,948758,6),(14369,259259,6),(14369,302467,6),(14369,339359,6),(14369,502618,6),(14369,520974,6),(14369,562259,6),(14369,595557,6),(14369,607329,6),(14369,668453,6),(14369,671034,6),(14369,712161,6),(14369,712978,6),(14369,736290,6),(14369,922633,6),(14369,948758,6),(14635,139650,6),(14635,157073,6),(14635,227581,6),(14635,251806,6),(14635,492482,6),(14635,502618,6),(14635,503287,6),(14635,584115,6),(14635,618129,6),(14635,628623,6),(14635,722152,6),(14635,880813,6),(14635,891194,6),(14635,957572,6),(14635,961806,6),(14635,991891,6),(20396,102007,6),(20396,127299,6),(20396,146021,6),(20396,254014,6),(20396,266171,6),(20396,273195,6),(20396,452037,6),(20396,502618,6),(20396,536687,6),(20396,577290,6),(20396,607001,6),(20396,860914,6),(20396,880813,6),(20396,960873,6),(23968,259812,6),(23968,431022,6),(23968,512993,6),(23968,607329,6),(23968,618129,6),(23968,627651,6),(23968,649127,6),(23968,682930,6),(23968,712978,6),(23968,930227,6),(23968,957572,6),(30420,146021,6),(30420,157073,6),(30420,203791,6),(30420,259812,6),(30420,269958,6),(30420,391186,6),(30420,458339,6),(30420,503287,6),(30420,515509,6),(30420,520974,6),(30420,595557,6),(30420,605772,6),(30420,663493,6),(30420,812022,6),(30420,860914,6),(30420,867888,6),(30420,875102,6),(30420,891194,6),(30744,127299,6),(30744,157073,6),(30744,203791,6),(30744,376527,6),(30744,618129,6),(30744,649127,6),(30744,663493,6),(30744,712161,6),(30744,736290,6),(30744,758944,6),(30744,891194,6),(30744,930227,6),(30744,948670,6),(30744,960873,6),(30744,984020,6),(32546,102007,6),(32546,273195,6),(32546,320599,6),(32546,515509,6),(32546,575256,6),(32546,649127,6),(32546,665323,6),(32546,679657,6),(32546,712653,6),(32546,712978,6),(32546,875846,6),(32546,909237,6),(32546,915533,6),(32546,991891,6),(32705,127299,6),(32705,196639,6),(32705,203791,6),(32705,259259,6),(32705,259812,6),(32705,273195,6),(32705,339359,6),(32705,376527,6),(32705,520974,6),(32705,627651,6),(32705,663493,6),(32705,712653,6),(32705,793498,6),(32705,820876,6),(32705,875846,6),(32705,891194,6),(40086,201173,6),(40086,201183,6),(40086,227581,6),(40086,269958,6),(40086,458339,6),(40086,575256,6),(40086,586631,6),(40086,712653,6),(42406,125352,6),(42406,157073,6),(42406,269958,6),(42406,512548,6),(42406,536687,6),(42406,627651,6),(42406,695630,6),(42406,708150,6),(42406,793498,6),(53863,201173,6),(53863,431022,6),(53863,502618,6),(53863,512750,6),(53863,512993,6),(53863,515509,6),(53863,679657,6),(53863,695630,6),(53863,812022,6),(53863,820876,6),(53863,867888,6),(53863,948670,6),(53863,957572,6),(53863,984020,6),(55759,157073,6),(55759,217817,6),(55759,273195,6),(55759,397914,6),(55759,492482,6),(55759,515509,6),(55759,930227,6),(56431,125352,6),(56431,282999,6),(56431,391186,6),(56431,512548,6),(56431,512993,6),(56431,536687,6),(56431,574947,6),(56431,586631,6),(56431,607001,6),(56431,682930,6),(56431,695630,6),(56431,854794,6),(56431,860914,6),(56431,867888,6),(56431,875102,6),(56431,961806,6),(56431,991891,6),(66294,201173,6),(66294,259812,6),(66294,339359,6),(66294,520974,6),(66294,536687,6),(66294,624978,6),(66294,695630,6),(66294,722152,6),(66294,758944,6),(66294,812022,6),(66294,891194,6),(69595,127299,6),(69595,201183,6),(69595,273195,6),(69595,282999,6),(69595,339359,6),(69595,400280,6),(69595,447449,6),(69595,618129,6),(69595,663493,6),(69595,668453,6),(69595,679657,6),(69595,793498,6),(69595,875846,6),(69595,948758,6),(69595,957572,6),(71170,125352,6),(71170,201173,6),(71170,201183,6),(71170,203791,6),(71170,360428,6),(71170,431022,6),(71170,574947,6),(71170,575256,6),(71170,679657,6),(71170,708150,6),(71170,718457,6),(71170,875846,6),(71170,961806,6),(74264,102007,6),(74264,376527,6),(74264,492482,6),(74264,512993,6),(74264,520974,6),(74264,586631,6),(74264,649127,6),(74264,668453,6),(74264,679657,6),(74264,758944,6),(74264,875846,6),(74264,904133,6),(74264,915533,6),(74264,948670,6),(74264,957572,6),(86619,102007,6),(86619,146021,6),(86619,157073,6),(86619,251806,6),(86619,443798,6),(86619,503287,6),(86619,512993,6),(86619,909237,6),(86619,930227,6),(86619,960873,6),(99551,327185,6),(99551,376527,6),(99551,447449,6),(99551,512993,6),(99551,695630,6),(99551,922633,6),(99551,984020,6);
/*!40000 ALTER TABLE `enrollment` ENABLE KEYS */;
UNLOCK TABLES;

--
-- Table structure for table `evaluation_type`
--

DROP TABLE IF EXISTS `evaluation_type`;
/*!40101 SET @saved_cs_client     = @@character_set_client */;
/*!40101 SET character_set_client = utf8 */;
CREATE TABLE `evaluation_type` (
  `eval_id` int(11) NOT NULL,
  `meaning` varchar(100) DEFAULT NULL,
  PRIMARY KEY (`eval_id`)
) ENGINE=InnoDB DEFAULT CHARSET=latin1;
/*!40101 SET character_set_client = @saved_cs_client */;

--
-- Dumping data for table `evaluation_type`
--

LOCK TABLES `evaluation_type` WRITE;
/*!40000 ALTER TABLE `evaluation_type` DISABLE KEYS */;
INSERT INTO `evaluation_type` VALUES (0,'What a fail'),(1,'Bravo, you didn\'t fail'),(2,'Jeez, a bit overdone it just to pass'),(3,'You\'re just an average, why not try a bit harder'),(4,'Congrats but there is a limit to everything bro'),(5,'Geez, study much!'),(6,'Max grade is 5, 6 means it\'s a pass/fail course and you passed');
/*!40000 ALTER TABLE `evaluation_type` ENABLE KEYS */;
UNLOCK TABLES;

--
-- Table structure for table `students`
--

DROP TABLE IF EXISTS `students`;
/*!40101 SET @saved_cs_client     = @@character_set_client */;
/*!40101 SET character_set_client = utf8 */;
CREATE TABLE `students` (
  `student_id` int(11) NOT NULL,
  `first_name` varchar(100) DEFAULT NULL,
  `last_name` varchar(100) DEFAULT NULL,
  PRIMARY KEY (`student_id`)
) ENGINE=InnoDB DEFAULT CHARSET=latin1;
/*!40101 SET character_set_client = @saved_cs_client */;

--
-- Dumping data for table `students`
--

LOCK TABLES `students` WRITE;
/*!40000 ALTER TABLE `students` DISABLE KEYS */;
INSERT INTO `students` VALUES (102007,'Andrea','Morris'),(125352,'Judy','Ruiz'),(127299,'Christina','Mendoza'),(139650,'Theresa','Robinson'),(146021,'Albert','Lane'),(151124,'Louise','Carpenter'),(157073,'Arthur','Wallace'),(196639,'Nicole','Rose'),(201173,'Tina','Richards'),(201183,'Carolyn','Thomas'),(203791,'Laura','Williams'),(217817,'Willie','Tucker'),(227581,'Mark','Jacobs'),(251806,'Thomas','Harris'),(254014,'Samuel','Smith'),(259259,'Tammy','Frazier'),(259812,'Samuel','Webb'),(266171,'Sean','Sims'),(269958,'Rose','Martinez'),(272055,'Lori','Meyer'),(273195,'Ryan','Mills'),(282999,'Bruce','Hudson'),(302467,'Brenda','Stevens'),(320599,'Kathy','Jordan'),(327185,'Annie','Harris'),(339359,'Gloria','Stone'),(360428,'Christina','Tucker'),(376527,'Kathleen','Banks'),(391186,'Doris','Stone'),(397914,'Terry','Pierce'),(400280,'Nicholas','Chapman'),(431022,'Karen','Gordon'),(443798,'Donna','Fuller'),(447449,'Julia','Schmidt'),(452037,'Emily','Chapman'),(458339,'Clarence','Knight'),(492482,'Anne','Gonzales'),(502618,'Johnny','Kennedy'),(503287,'Carolyn','Hunt'),(512548,'Jason','Kennedy'),(512750,'Richard','Castillo'),(512993,'Larry','Peters'),(515509,'Phillip','Graham'),(520974,'Wayne','Brooks'),(536687,'Louis','Cunningham'),(562259,'Patrick','Richardson'),(574947,'Gary','Wells'),(575256,'Philip','Armstrong'),(577290,'Ryan','Johnston'),(582919,'Carlos','Carpenter'),(584115,'Kathryn','Taylor'),(586631,'Anne','Graham'),(595557,'Martin','Davis'),(603160,'Linda','Spencer'),(605772,'Catherine','Lee'),(607001,'Donna','Bowman'),(607329,'Nancy','Burton'),(618129,'Barbara','Miller'),(624978,'Lois','Edwards'),(627651,'Ashley','Morales'),(628623,'Diana','Shaw'),(649127,'Terry','Garrett'),(663493,'Heather','Wheeler'),(665323,'Ernest','Bell'),(668453,'Michelle','Murphy'),(671034,'Ann','Boyd'),(679657,'Scott','Freeman'),(682930,'Marie','Andrews'),(695630,'Patricia','Hicks'),(708150,'Christopher','Rodriguez'),(712161,'Gary','Hawkins'),(712653,'Lois','Price'),(712978,'Willie','Edwards'),(715753,'Debra','Cruz'),(718457,'Jane','Stephens'),(722152,'Katherine','Hunt'),(736290,'Denise','James'),(758944,'Earl','Ray'),(793498,'Anthony','Medina'),(812022,'Ann','George'),(820876,'Keith','Morales'),(854794,'Julia','Mendoza'),(860914,'Emily','Turner'),(867888,'Jason','Simpson'),(875102,'Linda','Jordan'),(875846,'Joshua','Ortiz'),(880813,'Jesse','Allen'),(891194,'Joseph','Sims'),(904133,'Melissa','James'),(909237,'Jane','Baker'),(915533,'Charles','Gray'),(922633,'Jean','Henderson'),(930227,'Cheryl','Stanley'),(948670,'Joyce','Ortiz'),(948758,'Lawrence','Andrews'),(957572,'Rose','Wallace'),(960873,'Keith','Barnes'),(961806,'Benjamin','Hunt'),(984020,'John','Knight'),(991891,'Diana','Harvey');
/*!40000 ALTER TABLE `students` ENABLE KEYS */;
UNLOCK TABLES;

--
-- Table structure for table `teachers`
--

DROP TABLE IF EXISTS `teachers`;
/*!40101 SET @saved_cs_client     = @@character_set_client */;
/*!40101 SET character_set_client = utf8 */;
CREATE TABLE `teachers` (
  `teacher_id` int(11) NOT NULL,
  `first_name` varchar(100) DEFAULT NULL,
  `last_name` varchar(100) DEFAULT NULL,
  `email` varchar(50) DEFAULT NULL,
  PRIMARY KEY (`teacher_id`)
) ENGINE=InnoDB DEFAULT CHARSET=latin1;
/*!40101 SET character_set_client = @saved_cs_client */;

--
-- Dumping data for table `teachers`
--

LOCK TABLES `teachers` WRITE;
/*!40000 ALTER TABLE `teachers` DISABLE KEYS */;
INSERT INTO `teachers` VALUES (1361,'Steven','Spencer','sspencer3@phpbb.com'),(3205,'Anthony','Ortiz','aortiz1@baidu.com'),(5033,'Larry','Ray','lray6@dell.com'),(5578,'Kathy','Cunningham','kcunningham5@hexun.com'),(6614,'Christina','Flores','cflores2@elegantthemes.com'),(6987,'Carl','Sims','csims0@123-reg.co.uk'),(9248,'Ashley','Burke','aburke4@independent.co.uk'),(9499,'Linda','Phillips','lphillips7@bloomberg.com');
/*!40000 ALTER TABLE `teachers` ENABLE KEYS */;
UNLOCK TABLES;
/*!40103 SET TIME_ZONE=@OLD_TIME_ZONE */;

/*!40101 SET SQL_MODE=@OLD_SQL_MODE */;
/*!40014 SET FOREIGN_KEY_CHECKS=@OLD_FOREIGN_KEY_CHECKS */;
/*!40014 SET UNIQUE_CHECKS=@OLD_UNIQUE_CHECKS */;
/*!40101 SET CHARACTER_SET_CLIENT=@OLD_CHARACTER_SET_CLIENT */;
/*!40101 SET CHARACTER_SET_RESULTS=@OLD_CHARACTER_SET_RESULTS */;
/*!40101 SET COLLATION_CONNECTION=@OLD_COLLATION_CONNECTION */;
/*!40111 SET SQL_NOTES=@OLD_SQL_NOTES */;

-- Dump completed on 2015-12-12  7:37:00
